disease,figure,block_id,source,n,mean,sd,median,min,max,q10,q25,q75,q90,iqr,nonzero_fraction,skew,n_cells,program_group,n_block_z,n_block_centered,n_block_rank,n_is_block_low,n_is_block_mid,n_is_block_high,mean_block_z,mean_block_centered,mean_block_rank,mean_is_block_low,mean_is_block_mid,mean_is_block_high,sd_block_z,sd_block_centered,sd_block_rank,sd_is_block_low,sd_is_block_mid,sd_is_block_high,median_block_z,median_block_centered,median_block_rank,median_is_block_low,median_is_block_mid,median_is_block_high,min_block_z,min_block_centered,min_block_rank,min_is_block_low,min_is_block_mid,min_is_block_high,max_block_z,max_block_centered,max_block_rank,max_is_block_low,max_is_block_mid,max_is_block_high,q10_block_z,q10_block_centered,q10_block_rank,q10_is_block_low,q10_is_block_mid,q10_is_block_high,q25_block_z,q25_block_centered,q25_block_rank,q25_is_block_low,q25_is_block_mid,q25_is_block_high,q75_block_z,q75_block_centered,q75_block_rank,q75_is_block_low,q75_is_block_mid,q75_is_block_high,q90_block_z,q90_block_centered,q90_block_rank,q90_is_block_low,q90_is_block_mid,q90_is_block_high,iqr_block_z,iqr_block_centered,iqr_block_rank,iqr_is_block_low,iqr_is_block_mid,iqr_is_block_high,nonzero_fraction_block_z,nonzero_fraction_block_centered,nonzero_fraction_block_rank,nonzero_fraction_is_block_low,nonzero_fraction_is_block_mid,nonzero_fraction_is_block_high,skew_block_z,skew_block_centered,skew_block_rank,skew_is_block_low,skew_is_block_mid,skew_is_block_high
AD,Fig 1,fig1_all_numeric,supplement,3138.0,58.95955761164373,93.0765450875454,3.815,-3.4291,332.657,-0.0399668599999999,1.03,91.16325,230.33000000000004,90.13325,0.9866156787762906,1.23962076252115,,fig1_all_numeric,-0.816787447174737,-485.6666666666665,1.0,1.0,0.0,0.0,-0.023572310943340433,-0.27588397647988927,2.0,0.0,1.0,0.0,-0.32553639157429687,-2.1453939557741393,2.0,0.0,1.0,0.0,-0.4968711965769504,-1.9819999999999998,2.0,0.0,1.0,0.0,1.3997236774347483,2.820946666666667,3.0,0.0,0.0,1.0,-1.32042522247411,-179.21133333333336,1.0,1.0,0.0,0.0,1.3010276784539443,0.34817196000000006,3.0,0.0,0.0,1.0,1.2272571287018263,0.16233333333333344,3.0,0.0,0.0,1.0,0.0024050990264004334,0.15149999999999864,2.0,0.0,1.0,0.0,0.19704560435618013,1.3233333333333803,2.0,0.0,1.0,0.0,-0.00017216166791145015,-0.010833333333337691,2.0,0.0,1.0,0.0,-1.2990380628856384,-0.003719928378427717,1.0,1.0,0.0,0.0,-0.6863910837265312,-0.23587172066984397,2.0,0.0,1.0,0.0
AD,Fig 1,fig1_height_distribution,supplement,98.0,5.909357142857142,10.296325870821317,2.1790000000000003,0.0,63.0,1.0,1.4845,7.75,12.299999999999995,6.2655,0.9387755102040816,4.136204936695832,,fig1_height_distribution,-1.41421356237309,-1.3333333333333286,1.0,1.0,0.0,0.0,-0.8403233475441167,-1.8855185714285714,1.0,1.0,0.0,0.0,-0.6372661960997353,-9.045426564973987,2.0,0.0,1.0,0.0,1.3974106196233274,0.10950000000000015,3.0,0.0,0.0,1.0,,0.0,2.0,0.0,1.0,0.0,-0.5384292730220129,-59.66666666666667,2.0,0.0,1.0,0.0,1.0864038616692147,0.45009999999999994,3.0,0.0,0.0,1.0,1.370881651396672,0.2899166666666666,3.0,0.0,0.0,1.0,0.009787828915823344,0.03033333333333399,2.0,0.0,1.0,0.0,-1.3116776137890425,-5.300000000000017,1.0,1.0,0.0,0.0,-0.08503716880755172,-0.2595833333333317,2.0,0.0,1.0,0.0,0.854300155124217,0.05251700680272109,3.0,0.0,0.0,1.0,0.20629737356357195,0.3953574812686407,2.0,0.0,1.0,0.0
AD,Fig 1,fig1_area_distribution,supplement,98.0,89.47511224489794,107.32297901347816,30.609,0.0,332.657,0.0,1.0,173.37425,266.2033,172.37425,0.7857142857142857,0.8901901943062958,,fig1_area_distribution,1.4142135623730954,22.66666666666667,3.0,0.0,0.0,1.0,-1.4022803258704724,-42.240446003401374,1.0,1.0,0.0,0.0,-1.378134516098872,-50.66224659878257,1.0,1.0,0.0,0.0,-1.3678259809917415,-10.972833333333334,1.0,1.0,0.0,0.0,-0.7071067811865475,-0.3333333333333333,1.5,0.0,0.0,0.0,-1.32042522247411,-179.21133333333336,1.0,1.0,0.0,0.0,-0.7071067811865475,-0.6666666666666666,1.5,0.0,0.0,0.0,-0.8429272304235246,-3.0,1.0,1.0,0.0,0.0,-1.3900668569342478,-75.43366666666665,1.0,1.0,0.0,0.0,-1.3954949895660385,-124.24403333333333,1.0,1.0,0.0,0.0,-1.37174701927906,-72.43366666666665,1.0,1.0,0.0,0.0,-1.1513852845136134,-0.10119047619047616,1.0,1.0,0.0,0.0,-1.3224299786593061,-0.038608942915438704,1.0,1.0,0.0,0.0
AD,Fig 1,fig1_diameter_distribution,supplement,98.0,11.207142857142856,22.72530362266406,7.0675,0.0,220.0,0.0,3.0855,14.25725,19.0087,11.17175,0.8469387755102041,8.046535680141076,,fig1_diameter_distribution,-1.41421356237309,-1.3333333333333286,1.0,1.0,0.0,0.0,-1.2362288043089888,-3.7536780952380955,1.0,1.0,0.0,0.0,-0.43690273643978395,-7.801471107019715,2.0,0.0,1.0,0.0,-1.3835608989406394,-3.068666666666666,1.0,1.0,0.0,0.0,,0.0,2.0,0.0,1.0,0.0,-0.3036337419759648,-60.666666666666686,2.0,0.0,1.0,0.0,,0.0,2.0,0.0,1.0,0.0,1.4142135623730951,0.7236666666666669,3.0,0.0,0.0,1.0,-1.351581336787582,-6.006166666666667,1.0,1.0,0.0,0.0,-1.4120762028983727,-7.483133333333335,1.0,1.0,0.0,0.0,-1.3636525531877863,-6.729833333333335,1.0,1.0,0.0,0.0,-1.4142135623730883,-0.015374149659863834,1.0,1.0,0.0,0.0,0.5607175207981823,1.9778484638174092,2.0,0.0,1.0,0.0
AD,Fig 2,fig2_tht_spectra_all_numeric,supplement,17880.0,0.2539359367359026,0.3491294751640215,0.021505376344086,0.0,1.0,0.0,0.0,0.494318181818182,0.8944973483528822,0.494318181818182,0.569910514541387,1.056387414701825,,fig2_tht_spectra_all_numeric,1.3821894809301762,160.0,3.0,0.0,0.0,1.0,0.8743386609150199,0.0023471529070332453,3.0,0.0,0.0,1.0,1.1954674525594897,0.001929379061750336,3.0,0.0,0.0,1.0,-0.011120398150369103,-1.5680487778731156e-05,2.0,0.0,1.0,0.0,,0.0,2.0,0.0,1.0,0.0,,0.0,2.0,0.0,1.0,0.0,,0.0,2.0,0.0,1.0,0.0,,0.0,2.0,0.0,1.0,0.0,1.0102299989488093,0.010742470711801011,3.0,0.0,0.0,1.0,1.3723424031324263,0.004998281216833211,3.0,0.0,0.0,1.0,1.0102299989488093,0.010742470711801011,3.0,0.0,0.0,1.0,0.21348987224348623,0.000674080064767657,2.0,0.0,1.0,0.0,-0.8184012086035946,-0.013949872149692233,1.0,1.0,0.0,0.0
AD,Fig 3,fig3_proteolysis_all_numeric,supplement,12.0,26.68116666666667,32.276010471706336,11.793,0.0,91.43,0.9361,1.03525,40.29525,79.18020000000001,39.260000000000005,0.9166666666666666,1.049378503079787,,fig3_proteolysis_all_numeric,,0.0,2.0,0.0,1.0,0.0,1.3899298090820669,10.765527777777782,3.0,0.0,0.0,1.0,1.3563565051329185,13.08354347490349,3.0,0.0,0.0,1.0,1.4093529964146085,5.3308333333333335,3.0,0.0,0.0,1.0,,0.0,2.0,0.0,1.0,0.0,1.3626717960923478,34.74533333333334,3.0,0.0,0.0,1.0,0.3381317034740617,0.09389999999999998,2.0,0.0,1.0,0.0,-0.44660888932304876,-0.45350000000000024,2.0,0.0,1.0,0.0,1.4040093470212545,15.936666666666671,3.0,0.0,0.0,1.0,1.3747089370691952,35.536166666666674,3.0,0.0,0.0,1.0,1.3865973648579413,16.390166666666673,3.0,0.0,0.0,1.0,,0.0,2.0,0.0,1.0,0.0,-1.1294563441250962,-0.08002303898027274,1.0,1.0,0.0,0.0
AD,Fig 4,fig4_antibody_all_numeric,supplement,30.0,0.1723167,0.1057119731962507,0.149667,0.0255,0.368,0.0306503,0.11575025,0.22858325,0.3363,0.112833,1.0,0.3568786096518457,,fig4_antibody_all_numeric,,0.0,2.0,0.0,1.0,0.0,1.3631165997755388,0.0140666666666667,3.0,0.0,0.0,1.0,-0.20375384854475975,-0.0006420493022717411,2.0,0.0,1.0,0.0,1.2634669417158604,0.022388999999999992,3.0,0.0,0.0,1.0,1.1111677990074318,0.0036666666666666653,3.0,0.0,0.0,1.0,1.1407239819868271,0.01733333333333331,3.0,0.0,0.0,1.0,0.9778907550826108,0.004199999999999999,3.0,0.0,0.0,1.0,1.3189977762331506,0.01716683333333334,3.0,0.0,0.0,1.0,1.367736194097573,0.012444583333333314,3.0,0.0,0.0,1.0,0.6062926265147484,0.0040000000000000036,2.0,0.0,1.0,0.0,-0.6082927594757361,-0.004722249999999956,2.0,0.0,1.0,0.0,,0.0,2.0,0.0,1.0,0.0,-1.1530562747197182,-0.16431233576621584,1.0,1.0,0.0,0.0
AD,Fig 5,fig5_functional_all_numeric,supplement,550.0,1.5855181818181818,3.852131617055041,1.0,0.132,51.0,0.599,1.0,1.3125,2.031,0.3125,1.0,10.397781685076732,,fig5_functional_all_numeric,1.2999418411006434,219.66666666666669,3.0,0.0,0.0,1.0,0.12840939637473253,0.003358906035917597,2.0,0.0,1.0,0.0,1.2052303990489537,1.0208660465243957,3.0,0.0,0.0,1.0,,0.0,2.0,0.0,1.0,0.0,-0.8323167879989224,-0.06766666666666665,1.0,1.0,0.0,0.0,1.3317125985137388,21.0,3.0,0.0,0.0,1.0,-0.13530084489636895,-0.009533333333333283,2.0,0.0,1.0,0.0,0.7071067811865475,0.07166666666666666,2.5,0.0,0.0,0.0,-0.7449387221297639,-0.09024999999999994,1.0,1.0,0.0,0.0,-0.6543640200252848,-0.19466666666666654,2.0,0.0,1.0,0.0,-0.7277936635066459,-0.16191666666666665,1.0,1.0,0.0,0.0,,0.0,2.0,0.0,1.0,0.0,1.3236931658719824,3.4223657127848925,3.0,0.0,0.0,1.0
AD,Fig 6,fig6_ephys_all_numeric,supplement,201.0,78.29044972139303,67.22154597842987,33.86951,0.0,200.1277,0.29512,22.2221,153.4063,163.5891,131.18419999999998,0.9900497512437813,0.2525659678661591,,fig6_ephys_all_numeric,-1.224744871391589,-1.0,1.0,1.0,0.0,0.0,0.677261842927101,9.057967620867558,2.0,0.0,1.0,0.0,0.47506365704158143,5.819786357443945,2.0,0.0,1.0,0.0,1.2433110251304464,7.689871666666665,3.0,0.0,0.0,1.0,,0.0,2.0,0.0,1.0,0.0,0.07396142936512576,3.7675000000000125,2.0,0.0,1.0,0.0,-0.24280056811647996,-0.033672533333333365,2.0,0.0,1.0,0.0,1.0561429059014276,3.836655833333335,3.0,0.0,0.0,1.0,0.5896090983687516,16.853114166666643,2.0,0.0,1.0,0.0,0.6996786658571685,18.34035,2.0,0.0,1.0,0.0,0.5145121761661098,13.016458333333318,2.0,0.0,1.0,0.0,-1.2267608917518344,-4.9096888219635204e-05,1.0,1.0,0.0,0.0,-1.2735100170686895,-0.024381088300994502,1.0,1.0,0.0,0.0
DLB,Fig 1,fig1_all_numeric,supplement,3272.0,73.70547624748167,104.1493633617876,11.362,-8.01295,541.948,-0.6907055999999998,0.867,168.084,236.49,167.217,0.9935819070904646,1.2254521126504938,,fig1_all_numeric,-0.5914281103427229,-351.6666666666665,2.0,0.0,1.0,0.0,1.2363608814960125,14.470034659358049,3.0,0.0,0.0,1.0,1.3546237001670165,8.927424318468056,3.0,0.0,0.0,1.0,1.395100004516009,5.565,3.0,0.0,0.0,1.0,-0.8747338494035012,-1.762903333333333,1.0,1.0,0.0,0.0,0.22162633250657712,30.07966666666664,2.0,0.0,1.0,0.0,-1.1306130320221222,-0.30256677999999987,1.0,1.0,0.0,0.0,-0.005040070343744108,-0.0006666666666665932,2.0,0.0,1.0,0.0,1.2235405507425245,77.07225,3.0,0.0,0.0,1.0,1.1142755208554396,7.4833333333333485,3.0,0.0,0.0,1.0,1.2248309431502955,77.07291666666667,3.0,0.0,0.0,1.0,1.1336420358340167,0.003246299935746211,3.0,0.0,0.0,1.0,-0.7276221177480878,-0.2500403705405001,1.0,1.0,0.0,0.0
DLB,Fig 1,fig1_height_distribution,supplement,100.0,6.5273,8.34530540078212,2.0,0.0,27.0,0.6497,1.11325,11.5,22.10000000000001,10.38675,0.92,1.2211202595555486,,fig1_height_distribution,0.7071067811865526,0.6666666666666714,2.5,0.0,0.0,0.0,-0.5649233498067123,-1.2675757142857131,2.0,0.0,1.0,0.0,-0.7747190165415065,-10.996447035013183,1.0,1.0,0.0,0.0,-0.8869409868842126,-0.06950000000000012,1.0,1.0,0.0,0.0,,0.0,2.0,0.0,1.0,0.0,-0.8632916276945124,-95.66666666666667,1.0,1.0,0.0,0.0,0.2408867038315655,0.0998,2.0,0.0,1.0,0.0,-0.38458766650277404,-0.08133333333333326,2.0,0.0,1.0,0.0,1.2198216234543975,3.780333333333334,3.0,0.0,0.0,1.0,1.11368854000956,4.4999999999999964,3.0,0.0,0.0,1.0,1.265047320238193,3.8616666666666672,3.0,0.0,0.0,1.0,0.5488767836031256,0.033741496598639564,2.0,0.0,1.0,0.0,-1.3147926300446484,-2.519727195871643,1.0,1.0,0.0,0.0
DLB,Fig 1,fig1_area_distribution,supplement,64.0,148.05325,173.21136171447912,49.564,1.0,541.948,2.0,9.0,274.2955,434.8868000000001,265.2955,1.0,0.9354318329317324,,fig1_area_distribution,-0.7071067811865472,-11.333333333333329,1.5,0.0,0.0,0.0,0.5423717285490154,16.337691751700675,2.0,0.0,1.0,0.0,0.4141873903750362,15.22613610221839,2.0,0.0,1.0,0.0,0.9950223993747809,7.982166666666664,3.0,0.0,0.0,1.0,1.4142135623730951,0.6666666666666667,3.0,0.0,0.0,1.0,0.22162633250657712,30.07966666666664,2.0,0.0,1.0,0.0,1.4142135623730951,1.3333333333333335,3.0,0.0,0.0,1.0,1.404878717372541,5.0,3.0,0.0,0.0,1.0,0.4696768223076756,25.48758333333336,2.0,0.0,1.0,0.0,0.49913908465882423,44.43946666666676,2.0,0.0,1.0,0.0,0.38799335534210233,20.48758333333336,2.0,0.0,1.0,0.0,1.2868423768093336,0.11309523809523814,3.0,0.0,0.0,1.0,0.2271824863332068,0.006632695709997916,2.0,0.0,1.0,0.0
DLB,Fig 1,fig1_diameter_distribution,supplement,100.0,15.03157,13.627881768642588,12.233,0.0,72.0,0.0,2.0,24.86825,30.590100000000003,22.86825,0.87,1.113730678631499,,fig1_diameter_distribution,0.7071067811865526,0.6666666666666714,2.5,0.0,0.0,0.0,0.0233003492374722,0.07074904761904932,2.0,0.0,1.0,0.0,-0.946382095915034,-16.898892961041188,1.0,1.0,0.0,0.0,0.9453932038655332,2.0968333333333344,3.0,0.0,0.0,1.0,,0.0,2.0,0.0,1.0,0.0,-1.0443666070162305,-208.66666666666669,1.0,1.0,0.0,0.0,,0.0,2.0,0.0,1.0,0.0,-0.7071067811865471,-0.36183333333333323,1.5,0.0,0.0,0.0,1.0362361116104029,4.604833333333332,3.0,0.0,0.0,1.0,0.7733478177320958,4.098266666666667,3.0,0.0,0.0,1.0,1.0063856481090667,4.966666666666665,3.0,0.0,0.0,1.0,0.7071067811865543,0.007687074829932028,2.5,0.0,0.0,0.0,-1.404723868538994,-4.954956537692168,1.0,1.0,0.0,0.0
DLB,Fig 2,fig2_tht_spectra_all_numeric,supplement,17670.0,0.2529993668707955,0.347291431860015,0.0232558139534884,0.0,1.0,0.0,0.0,0.4873183374988427,0.8880773345714406,0.4873183374988427,0.5727221279003961,1.060286865204287,,fig2_tht_spectra_all_numeric,-0.43193421279068006,-50.0,2.0,0.0,1.0,0.0,0.5254567285716577,0.00141058304192615,2.0,0.0,1.0,0.0,0.056592780445414465,9.133575774383784e-05,2.0,0.0,1.0,0.0,1.2302672058971178,0.0017347571216236694,3.0,0.0,0.0,1.0,,0.0,2.0,0.0,1.0,0.0,,0.0,2.0,0.0,1.0,0.0,,0.0,2.0,0.0,1.0,0.0,,0.0,2.0,0.0,1.0,0.0,0.3519593916480399,0.003742626392461701,2.0,0.0,1.0,0.0,-0.39035496397350056,-0.0014217325646084245,2.0,0.0,1.0,0.0,0.3519593916480399,0.003742626392461701,2.0,0.0,1.0,0.0,1.1039641766865902,0.0034856934237768034,3.0,0.0,0.0,1.0,-0.5896310112957217,-0.010050421647230356,2.0,0.0,1.0,0.0
DLB,Fig 3,fig3_proteolysis_all_numeric,supplement,12.0,8.7825,9.306089770584736,4.1805,0.0,30.958,1.1255000000000002,2.8955,14.72325,18.4452,11.82775,0.9166666666666666,1.2216339155262903,,fig3_proteolysis_all_numeric,,0.0,2.0,0.0,1.0,0.0,-0.9209546042373186,-7.133138888888887,1.0,1.0,0.0,0.0,-1.0249098104577352,-9.88637722621811,1.0,1.0,0.0,0.0,-0.6032215888984205,-2.2816666666666654,2.0,0.0,1.0,0.0,,0.0,2.0,0.0,1.0,0.0,-1.0089701180245536,-25.726666666666667,1.0,1.0,0.0,0.0,1.0201566729946936,0.2833000000000001,3.0,0.0,0.0,1.0,1.3853738810478466,1.40675,3.0,0.0,0.0,1.0,-0.8488662243253788,-9.635333333333332,1.0,1.0,0.0,0.0,-0.9748114283678264,-25.19883333333334,1.0,1.0,0.0,0.0,-0.9341530177164227,-11.042083333333332,1.0,1.0,0.0,0.0,,0.0,2.0,0.0,1.0,0.0,1.301780595596098,0.09223237346623048,3.0,0.0,0.0,1.0
DLB,Fig 4,fig4_antibody_all_numeric,supplement,30.0,0.1545833666666666,0.1028560156155642,0.1258335,0.0225,0.331,0.0281503,0.09575,0.207083,0.323,0.1113329999999999,1.0,0.5022969239975962,,fig4_antibody_all_numeric,,0.0,2.0,0.0,1.0,0.0,-0.35531475349599395,-0.003666666666666679,2.0,0.0,1.0,0.0,-1.1100897736621818,-0.0034980068829582323,1.0,1.0,0.0,0.0,-0.08151672684392247,-0.0014445000000000152,2.0,0.0,1.0,0.0,0.20203050891044205,0.0006666666666666661,2.0,0.0,1.0,0.0,-1.2942829795619784,-0.019666666666666666,1.0,1.0,0.0,0.0,0.39581292467629503,0.0017000000000000001,2.0,0.0,1.0,0.0,-0.21770295137767204,-0.0028334166666666577,2.0,0.0,1.0,0.0,-0.995273423780062,-0.009055666666666684,1.0,1.0,0.0,0.0,-1.409630356646785,-0.009299999999999975,1.0,1.0,0.0,0.0,-0.8015140288311647,-0.006222250000000054,1.0,1.0,0.0,0.0,,0.0,2.0,0.0,1.0,0.0,-0.13258815810733385,-0.018894021420465368,2.0,0.0,1.0,0.0
DLB,Fig 5,fig5_functional_all_numeric,supplement,139.0,1.5485755395683454,1.7780954351493063,1.0,0.314,13.0,0.5274,0.785,1.574,2.646,0.789,1.0,4.14954782684052,,fig5_functional_all_numeric,-1.132271042172639,-191.33333333333331,1.0,1.0,0.0,0.0,-1.283890424180762,-0.03358373621391886,1.0,1.0,0.0,0.0,-1.2433684780227028,-1.0531701353813387,1.0,1.0,0.0,0.0,,0.0,2.0,0.0,1.0,0.0,1.406328365929214,0.11433333333333334,3.0,0.0,0.0,1.0,-1.0780530559396932,-17.0,1.0,1.0,0.0,0.0,-1.1514764212509216,-0.08113333333333328,1.0,1.0,0.0,0.0,-1.414213562373095,-0.1433333333333333,1.0,1.0,0.0,0.0,1.4135263840966452,0.17125000000000012,3.0,0.0,0.0,1.0,1.4129332692669254,0.4203333333333332,3.0,0.0,0.0,1.0,1.4140098197311317,0.3145833333333334,3.0,0.0,0.0,1.0,,0.0,2.0,0.0,1.0,0.0,-1.0929814829010218,-2.8258681454513193,1.0,1.0,0.0,0.0
DLB,Fig 6,fig6_ephys_all_numeric,supplement,202.0,50.32376977722773,44.35994646006333,18.724905,0.0,132.1749,0.5129592000000001,13.5082525,96.3067075,108.17931,82.798455,0.99009900990099,0.278941686059418,,fig6_ephys_all_numeric,0.0,0.0,2.0,0.0,1.0,0.0,-1.413799418530982,-18.908712323297742,1.0,1.0,0.0,0.0,-1.3911070932169045,-17.0418131609226,1.0,1.0,0.0,0.0,-1.2052934749115811,-7.454733333333333,1.0,1.0,0.0,0.0,,0.0,2.0,0.0,1.0,0.0,-1.2600495108770775,-64.18529999999998,1.0,1.0,0.0,0.0,1.3279598197180995,0.1841666666666667,3.0,0.0,0.0,1.0,-1.3425784337283901,-4.877191666666667,1.0,1.0,0.0,0.0,-1.4080299681093085,-40.24647833333334,1.0,1.0,0.0,0.0,-1.4141876421808939,-37.06944,1.0,1.0,0.0,0.0,-1.398070672243255,-35.36928666666665,1.0,1.0,0.0,0.0,0.004042045769375986,1.617689890931473e-07,2.0,0.0,1.0,0.0,0.10418653658047493,0.001994629892264399,2.0,0.0,1.0,0.0
PSP,Fig 1,fig1_all_numeric,supplement,4461.0,45.04129090524546,88.43990868062562,2.214,-7.30809,661.0,-0.433744,0.706,13.788,220.2,13.082,0.9908092355973996,1.9614045744013384,,fig1_all_numeric,1.4082155575174606,837.3333333333335,3.0,0.0,0.0,1.0,-1.212788570552672,-14.19415068287816,1.0,1.0,0.0,0.0,-1.0290873085927197,-6.7820303626939165,1.0,1.0,0.0,0.0,-0.8982288079390582,-3.5829999999999997,1.0,1.0,0.0,0.0,-0.5249898280312467,-1.058043333333333,2.0,0.0,1.0,0.0,1.0987988899675323,149.13166666666666,3.0,0.0,0.0,1.0,-0.17041464643182164,-0.04560518000000008,2.0,0.0,1.0,0.0,-1.2222170583580805,-0.16166666666666663,1.0,1.0,0.0,0.0,-1.2259456497689252,-77.22375000000001,1.0,1.0,0.0,0.0,-1.3113211252116113,-8.806666666666672,1.0,1.0,0.0,0.0,-1.224658781482384,-77.06208333333333,1.0,1.0,0.0,0.0,0.16539602705154405,0.00047362844268128423,2.0,0.0,1.0,0.0,1.4140132014746203,0.4859120912103445,3.0,0.0,0.0,1.0
PSP,Fig 1,fig1_height_distribution,supplement,100.0,10.947969999999998,39.38362603578248,2.0295,0.0,278.0,0.0,0.986,3.909,18.400000000000038,2.923,0.8,5.865217170030194,,fig1_height_distribution,0.7071067811865526,0.6666666666666714,2.5,0.0,0.0,0.0,1.405246697350829,3.1530942857142845,3.0,0.0,0.0,1.0,1.4119852126412422,20.041873599987174,3.0,0.0,0.0,1.0,-0.5104696327391147,-0.040000000000000036,2.0,0.0,1.0,0.0,,0.0,2.0,0.0,1.0,0.0,1.4017209007165252,155.33333333333331,3.0,0.0,0.0,1.0,-1.3272905655007803,-0.5499,1.0,1.0,0.0,0.0,-0.986293984893898,-0.20858333333333334,1.0,1.0,0.0,0.0,-1.2296094523702201,-3.810666666666666,1.0,1.0,0.0,0.0,0.19798907377948383,0.8000000000000256,2.0,0.0,1.0,0.0,-1.1800101514306403,-3.602083333333332,1.0,1.0,0.0,0.0,-1.403176938727339,-0.08625850340136043,1.0,1.0,0.0,0.0,1.1084952564810766,2.1243697146030023,3.0,0.0,0.0,1.0
PSP,Fig 1,fig1_area_distribution,supplement,64.0,157.6183125,193.42133610882493,44.572500000000005,0.0,661.0,0.0,2.0,298.754,470.2519000000001,296.754,0.875,0.9607753844271752,,fig1_area_distribution,-0.7071067811865472,-11.333333333333329,1.5,0.0,0.0,0.0,0.8599085973214565,25.902754251700685,3.0,0.0,0.0,1.0,0.9639471257238362,35.4361104965642,3.0,0.0,0.0,1.0,0.37280358161696053,2.9906666666666695,2.0,0.0,1.0,0.0,-0.7071067811865475,-0.3333333333333333,1.5,0.0,0.0,0.0,1.0987988899675323,149.13166666666666,3.0,0.0,0.0,1.0,-0.7071067811865475,-0.6666666666666666,1.5,0.0,0.0,0.0,-0.5619514869490164,-2.0,2.0,0.0,1.0,0.0,0.9203900346265738,49.94608333333338,3.0,0.0,0.0,1.0,0.8963559049072162,79.80456666666674,3.0,0.0,0.0,1.0,0.9837536639369593,51.94608333333338,3.0,0.0,0.0,1.0,-0.13545709229571878,-0.011904761904761862,2.0,0.0,1.0,0.0,1.0952474923260993,0.03197624720544079,3.0,0.0,0.0,1.0
PSP,Fig 1,fig1_diameter_distribution,supplement,100.0,18.64375,55.22713879774467,11.108,0.0,550.0,0.0,2.0,21.66475,29.8767,19.66475,0.87,9.045795290198424,,fig1_diameter_distribution,0.7071067811865526,0.6666666666666714,2.5,0.0,0.0,0.0,1.2129284550715178,3.6829290476190497,3.0,0.0,0.0,1.0,1.3832848323548175,24.700364068060896,3.0,0.0,0.0,1.0,0.4381676950751075,0.9718333333333344,2.0,0.0,1.0,0.0,,0.0,2.0,0.0,1.0,0.0,1.348000348992195,269.3333333333333,3.0,0.0,0.0,1.0,,0.0,2.0,0.0,1.0,0.0,-0.7071067811865471,-0.36183333333333323,1.5,0.0,0.0,0.0,0.3153452251771788,1.4013333333333335,2.0,0.0,1.0,0.0,0.6387283851662762,3.384866666666664,2.0,0.0,1.0,0.0,0.35726690507871883,1.7631666666666668,2.0,0.0,1.0,0.0,0.7071067811865543,0.007687074829932028,2.5,0.0,0.0,0.0,0.844006347740811,2.9771080738747564,3.0,0.0,0.0,1.0
PSP,Fig 2,fig2_tht_spectra_all_numeric,supplement,17610.0,0.24783104787991,0.3451793812827769,0.0198019801980198,0.0,1.0,0.0,0.0,0.4690906140021182,0.8859225184838241,0.4690906140021182,0.565076660988075,1.0943375806484397,,fig2_tht_spectra_all_numeric,-0.9502552681394962,-110.0,1.0,1.0,0.0,0.0,-1.3997953894866568,-0.00375773594895934,1.0,1.0,0.0,0.0,-1.2520602330049386,-0.0020207148194942293,1.0,1.0,0.0,0.0,-1.2191468077467438,-0.0017190766338449313,1.0,1.0,0.0,0.0,,0.0,2.0,0.0,1.0,0.0,,0.0,2.0,0.0,1.0,0.0,,0.0,2.0,0.0,1.0,0.0,,0.0,2.0,0.0,1.0,0.0,-1.3621893905968545,-0.014485097104262767,1.0,1.0,0.0,0.0,-0.9819874391589561,-0.003576548652224898,1.0,1.0,0.0,0.0,-1.3621893905968545,-0.014485097104262767,1.0,1.0,0.0,0.0,-1.3174540489300413,-0.004159773488544349,1.0,1.0,0.0,0.0,1.4080322198993032,0.024000293796922367,3.0,0.0,0.0,1.0
PSP,Fig 3,fig3_proteolysis_all_numeric,supplement,12.0,12.283249999999995,15.99530074811747,3.4130000000000003,0.0,47.666,0.465,0.5355000000000001,18.05725,33.3067,17.52175,0.9166666666666666,1.1171922075741023,,fig3_proteolysis_all_numeric,,0.0,2.0,0.0,1.0,0.0,-0.46897520484474786,-3.632388888888892,2.0,0.0,1.0,0.0,-0.331446694675183,-3.1971662486853756,2.0,0.0,1.0,0.0,-0.8061314075161873,-3.0491666666666655,1.0,1.0,0.0,0.0,,0.0,2.0,0.0,1.0,0.0,-0.35370167806779385,-9.018666666666668,2.0,0.0,1.0,0.0,-1.358288376468755,-0.37720000000000004,1.0,1.0,0.0,0.0,-0.9387649917247983,-0.9532500000000002,1.0,1.0,0.0,0.0,-0.555143122695875,-6.301333333333332,2.0,0.0,1.0,0.0,-0.39989750870136903,-10.33733333333334,2.0,0.0,1.0,0.0,-0.452444347141518,-5.3480833333333315,2.0,0.0,1.0,0.0,,0.0,2.0,0.0,1.0,0.0,-0.17232425147099847,-0.012209334485957513,2.0,0.0,1.0,0.0
PSP,Fig 4,fig4_antibody_all_numeric,supplement,30.0,0.1478500333333333,0.1104940786837524,0.1063335,0.0175,0.353,0.0205503,0.08425,0.21274975,0.3376,0.12849975,1.0,0.7043973026047426,,fig4_antibody_all_numeric,,0.0,2.0,0.0,1.0,0.0,-1.0078018462795422,-0.010399999999999993,1.0,1.0,0.0,0.0,1.3138436222069372,0.0041400561852299594,3.0,0.0,0.0,1.0,-1.1819502148719396,-0.020944500000000005,1.0,1.0,0.0,0.0,-1.313198307917874,-0.004333333333333331,1.0,1.0,0.0,0.0,0.15355899757514768,0.0023333333333332984,2.0,0.0,1.0,0.0,-1.373703679758906,-0.005899999999999999,1.0,1.0,0.0,0.0,-1.1012948248554764,-0.014333416666666654,1.0,1.0,0.0,0.0,-0.37246277031751696,-0.003388916666666686,2.0,0.0,1.0,0.0,0.8033377301320449,0.005300000000000027,3.0,0.0,0.0,1.0,1.4098067883069045,0.010944500000000038,3.0,0.0,0.0,1.0,,0.0,2.0,0.0,1.0,0.0,1.2856444328270513,0.1832063571866811,3.0,0.0,0.0,1.0
PSP,Fig 5,fig5_functional_all_numeric,supplement,302.0,1.6123841059602648,2.863569659387588,1.0,0.153,26.0,0.6991999999999999,1.0,1.32175,2.0,0.32175,1.0,6.378918404958268,,fig5_functional_all_numeric,-0.16767079892800393,-28.333333333333314,2.0,0.0,1.0,0.0,1.1554810278060041,0.030224830178000595,3.0,0.0,0.0,1.0,0.038138078973748976,0.032304088856943025,2.0,0.0,1.0,0.0,,0.0,2.0,0.0,1.0,0.0,-0.5740115779302913,-0.04666666666666666,2.0,0.0,1.0,0.0,-0.2536595425740455,-4.0,2.0,0.0,1.0,0.0,1.2867772661472923,0.09066666666666667,3.0,0.0,0.0,1.0,0.7071067811865475,0.07166666666666666,2.5,0.0,0.0,0.0,-0.6685876619668796,-0.08099999999999996,2.0,0.0,1.0,0.0,-0.7585692492416406,-0.22566666666666668,1.0,1.0,0.0,0.0,-0.6862161562244855,-0.15266666666666667,2.0,0.0,1.0,0.0,,0.0,2.0,0.0,1.0,0.0,-0.23071168297095954,-0.5964975673335706,2.0,0.0,1.0,0.0
PSP,Fig 6,fig6_ephys_all_numeric,supplement,203.0,79.08322680295568,72.62378642446458,25.9445,0.0,256.778,0.1782984,19.42598,159.94655,163.97784,140.52057,0.9901477832512317,0.2993335145758837,,fig6_ephys_all_numeric,1.224744871391589,1.0,3.0,0.0,0.0,1.0,0.7365375756038824,9.850744702430205,3.0,0.0,0.0,1.0,0.916043436175323,11.222026803478656,3.0,0.0,0.0,1.0,-0.038017550218865284,-0.23513833333333167,2.0,0.0,1.0,0.0,,0.0,2.0,0.0,1.0,0.0,1.186088081511953,60.41780000000003,3.0,0.0,0.0,1.0,-1.0851592516016197,-0.15049413333333336,1.0,1.0,0.0,0.0,0.2864355278269629,1.0405358333333332,2.0,0.0,1.0,0.0,0.8184208697405554,23.393364166666657,3.0,0.0,0.0,1.0,0.7145089763237248,18.729089999999985,3.0,0.0,0.0,1.0,0.8835584960771451,22.352828333333335,3.0,0.0,0.0,1.0,1.2227188459880065,4.89351192307641e-05,3.0,0.0,0.0,1.0,1.1693234804882144,0.022386458408730103,3.0,0.0,0.0,1.0
AD,Fig 7,fig7_C57BL/6,geo_scrnaseq,109.0,0.7223342931803192,1.0701392138707968,0.57456870794052,-2.27100796621527,3.78073954706441,-0.006987487643032484,0.1476112784974101,1.1661613175275591,2.050134757715335,1.018550039030149,0.981651376146789,0.3609222783672904,11801.0,fig7_C57BL/6,,0.0,2.0,0.0,1.0,0.0,0.3694964998109167,0.017109537400848196,2.0,0.0,1.0,0.0,-0.24449609092358046,-0.012568145246479867,2.0,0.0,1.0,0.0,1.1710962593286136,0.035652848583874186,3.0,0.0,0.0,1.0,0.2179164110167033,0.13238698465389387,2.0,0.0,1.0,0.0,-0.2791699453173541,-0.060108437328220354,2.0,0.0,1.0,0.0,0.6779187236420999,0.06426399555114998,2.0,0.0,1.0,0.0,1.0470200119228648,0.006150407466428365,3.0,0.0,0.0,1.0,-0.7728580786689351,-0.01871496801874395,1.0,1.0,0.0,0.0,-0.9740925982427447,-0.04723545948860153,1.0,1.0,0.0,0.0,-0.8306261044375587,-0.024865375485172425,1.0,1.0,0.0,0.0,-1.414213562373095,-0.006116207951070374,1.0,1.0,0.0,0.0,0.1719630311093569,0.08291368958466877,2.0,0.0,1.0,0.0
DLB,Fig 7,fig7_C57BL/6,geo_scrnaseq,109.0,0.6419280645858257,1.151000553059974,0.5001870181704793,-3.204750169728785,3.6123898230831832,-0.20527573636320748,0.1432218586447093,1.1693966698422285,2.164043538453031,1.026174811197519,0.9908256880733946,-0.34958931602669363,8308.0,fig7_C57BL/6,,0.0,2.0,0.0,1.0,0.0,-1.3669513849337005,-0.06329669119364523,1.0,1.0,0.0,0.0,1.3285507629180313,0.0682931939426974,3.0,0.0,0.0,1.0,-1.2721340045116538,-0.038728841186166485,1.0,1.0,0.0,0.0,-1.3190756908614063,-0.8013552188596211,1.0,1.0,0.0,0.0,-1.0610598983267545,-0.22845816130944696,1.0,1.0,0.0,0.0,-1.4138173306251145,-0.134024253169025,1.0,1.0,0.0,0.0,0.29978327165887175,0.0017609876137275604,2.0,0.0,1.0,0.0,-0.6392501467062367,-0.015479615704074634,2.0,0.0,1.0,0.0,1.3749413985202374,0.06667332124909464,3.0,0.0,0.0,1.0,-0.5759211309943375,-0.017240603317802305,2.0,0.0,1.0,0.0,0.7071067811865475,0.003058103975535187,2.5,0.0,0.0,0.0,-1.3016383491013672,-0.6275979048093152,1.0,1.0,0.0,0.0
PSP,Fig 7,fig7_C57BL/6,geo_scrnaseq,109.0,0.7514119095722683,1.026982310421059,0.541991851958938,-1.734426716663437,4.129414583030298,-0.0014912255763074346,0.1335494759508258,1.2190708692691217,2.077932355443443,1.085521393318296,0.9908256880733946,0.8226928040072682,6708.0,fig7_C57BL/6,,0.0,2.0,0.0,1.0,0.0,0.9974548851227909,0.046187153792797364,3.0,0.0,0.0,1.0,-1.0840546719944553,-0.05572504869621775,1.0,1.0,0.0,0.0,0.10103774518303665,0.003075992602292188,2.0,0.0,1.0,0.0,1.1011592798447023,0.6689682342057268,3.0,0.0,0.0,1.0,1.3402298436441127,0.2885665986376682,3.0,0.0,0.0,1.0,0.7358986069830147,0.06976025761787503,3.0,0.0,0.0,1.0,-1.3468032835817365,-0.007911395080155925,1.0,1.0,0.0,0.0,1.4121082253751718,0.03419458372281858,3.0,0.0,0.0,1.0,-0.40084880027750186,-0.019437861760493558,2.0,0.0,1.0,0.0,1.4065472354318889,0.04210597880297451,3.0,0.0,0.0,1.0,0.7071067811865475,0.003058103975535187,2.5,0.0,0.0,0.0,1.1296753179920103,0.5446842152246465,3.0,0.0,0.0,1.0
AD,Fig 7,fig7_hTau,geo_scrnaseq,109.0,0.8815988225868071,1.0685940188046508,0.640128842838253,-1.6906456658476516,3.8304660198083536,-0.06319554801142223,0.1472012838760656,1.6797061492868053,2.3013394229372452,1.5325048654107396,0.9908256880733946,0.4083431280976472,3157.0,fig7_hTau,,0.0,2.0,0.0,1.0,0.0,-0.8796839527013377,-0.025450532554308847,1.0,1.0,0.0,0.0,-1.323490845088829,-0.0551218749585225,1.0,1.0,0.0,0.0,-0.7017517142780775,-0.051180229203837024,2.0,0.0,1.0,0.0,1.3782985340328044,0.22670328295293185,3.0,0.0,0.0,1.0,-1.1022629897356437,-0.1583206094060663,1.0,1.0,0.0,0.0,1.183509459002792,0.05137544029781721,3.0,0.0,0.0,1.0,-1.4141613165455431,-0.05866538848231459,1.0,1.0,0.0,0.0,-0.547573658118979,-0.036931788166735036,2.0,0.0,1.0,0.0,-1.2986574313821333,-0.1515515459864254,1.0,1.0,0.0,0.0,0.33746572590055895,0.02173360031557947,2.0,0.0,1.0,0.0,1.0,1.1102230246251565e-16,2.0,0.0,1.0,0.0,1.4139809685001261,0.2810365879263147,3.0,0.0,0.0,1.0
DLB,Fig 7,fig7_hTau,geo_scrnaseq,109.0,0.8920303243659964,1.133301165901117,0.6393487136869047,-2.0758114168714665,3.957736630837609,-0.16936176053288088,0.2356360914666191,1.658942643207154,2.4720809413062503,1.4233065517405348,0.9908256880733946,-0.008797028284307392,1324.0,fig7_hTau,,0.0,2.0,0.0,1.0,0.0,-0.5191247110372702,-0.015019030775119568,2.0,0.0,1.0,0.0,0.23014492761357153,0.00958527213794369,2.0,0.0,1.0,0.0,-0.71244836370371,-0.05196035835518531,1.0,1.0,0.0,0.0,-0.9634116656646043,-0.15846246807088304,1.0,1.0,0.0,0.0,-0.21617693470550178,-0.031049998376810883,2.0,0.0,1.0,0.0,-1.2621866949820022,-0.05479077222364144,1.0,1.0,0.0,0.0,0.7176081503592936,0.02976941910823891,3.0,0.0,0.0,1.0,-0.8554263114505898,-0.05769529424638642,1.0,1.0,0.0,0.0,0.16444042243480136,0.01918997238257969,2.0,0.0,1.0,0.0,-1.3580972574407988,-0.08746471335462536,1.0,1.0,0.0,0.0,1.0,1.1102230246251565e-16,2.0,0.0,1.0,0.0,-0.6847786509267152,-0.13610356845563992,2.0,0.0,1.0,0.0
PSP,Fig 7,fig7_hTau,geo_scrnaseq,109.0,0.9475189184705447,1.1692524965837519,0.7944496596011121,-1.9855897636826327,4.178157236997297,-0.11115565638341517,0.2347626417324559,1.8112650198666624,2.585252542527516,1.5765023781342065,0.9908256880733946,-0.01762647929934223,643.0,fig7_hTau,,0.0,2.0,0.0,1.0,0.0,1.3988086637386192,0.04046956332942875,3.0,0.0,0.0,1.0,1.0933459174752522,0.04553660282057859,3.0,0.0,0.0,1.0,1.4142000779817845,0.10314058755902211,3.0,0.0,0.0,1.0,-0.41488686836820277,-0.06824081488204925,2.0,0.0,1.0,0.0,1.3184399244411453,0.18937060778287718,3.0,0.0,0.0,1.0,0.07867723597921132,0.003415331925824272,2.0,0.0,1.0,0.0,0.6965531661862501,0.02889596937407571,2.0,0.0,1.0,0.0,1.4029999695695787,0.09462708241312212,3.0,0.0,0.0,1.0,1.1342170089473282,0.13236157360384526,3.0,0.0,0.0,1.0,1.0206315315402468,0.06573111303904633,3.0,0.0,0.0,1.0,1.0,1.1102230246251565e-16,2.0,0.0,1.0,0.0,-0.7292023175734108,-0.14493301947067475,1.0,1.0,0.0,0.0
