column,non_null,unique_values,example_values
Unnamed: 0,73630,73630,C57_AD_AAACCCAAGATCCGAG-1; C57_AD_AAACCCAAGCAGATAT-1; C57_AD_AAACCCAAGGAGAGTA-1; C57_AD_AAACCCAAGTGAGTTA-1; C57_AD_AAACCCAAGTTACGGG-1; C57_AD_AAACCCACAAGTCCAT-1; C57_AD_AAACCCAGTACTTGTG-1; C57_AD_AAACCCAGTCTTGTCC-1
orig.ident,73630,8,C57_AD_filtered_feature_bc_matrix; C57_DLB_filtered_feature_bc_matrix; C57_PSP_filtered_feature_bc_matrix; MAPT_AD_filtered_feature_bc_matrix; MAPT_DLB_filtered_feature_bc_matrix; MAPT_PSP_filtered_feature_bc_matrix; UT_C57_filtered_feature_bc_matrix; UT_MAPT_filtered_feature_bc_matrix
nCount_RNA,73630,6433,686; 372; 761; 581; 556; 360; 530; 1644
nFeature_RNA,73630,3292,543; 300; 580; 444; 437; 297; 424; 976
sample,73630,8,C57_AD; C57_DLB; C57_PSP; MAPT_AD; MAPT_DLB; MAPT_PSP; UT_C57; UT_MAPT
percent.mito,73630,28851,6.41399416909621; 9.94623655913978; 2.89093298291721; 6.88468158347676; 3.59712230215827; 5.0; 6.9811320754717; 3.71046228710462
percent.ribo,73630,34165,6.85131195335277; 15.8602150537634; 5.12483574244415; 10.1549053356282; 16.3669064748201; 12.5; 6.79245283018868; 20.4379562043796
RNA_snn_res.0.3,73630,13,1; 0; 4; 2; 7; 3; 10; 8
seurat_clusters,73630,13,1; 0; 4; 2; 7; 3; 10; 8
