model,select_k,held_out_block,source,disease,predicted,prob_AD,prob_DLB,prob_PSP
logreg,none,fig1_all_numeric,supplement,AD,PSP,0.01905811526891601,0.45018043260577484,0.5307614521253091
logreg,none,fig1_all_numeric,supplement,DLB,PSP,0.001387268682183474,0.20427751196539448,0.794335219352422
logreg,none,fig1_all_numeric,supplement,PSP,AD,0.9999131234964854,1.5730541007253194e-05,7.114596250745301e-05
logreg,none,fig1_area_distribution,supplement,AD,DLB,1.2739540482149238e-05,0.9972561590607318,0.0027311013987859575
logreg,none,fig1_area_distribution,supplement,DLB,AD,0.9993591482844605,0.0006186672728245322,2.2184442714825414e-05
logreg,none,fig1_area_distribution,supplement,PSP,PSP,0.15482569376424465,0.002088847375708076,0.8430854588600472
logreg,none,fig1_diameter_distribution,supplement,AD,AD,0.7499230833887216,0.008158227530796208,0.24191868908048214
logreg,none,fig1_diameter_distribution,supplement,DLB,DLB,0.0284109579822256,0.9654316274178699,0.006157414599904382
logreg,none,fig1_diameter_distribution,supplement,PSP,PSP,0.1120544702018081,0.002515329271367239,0.8854302005268248
logreg,none,fig1_height_distribution,supplement,AD,DLB,0.026414721056455016,0.9594996487305609,0.014085630212984262
logreg,none,fig1_height_distribution,supplement,DLB,DLB,0.09109723271703671,0.8558348810292326,0.053067886253730864
logreg,none,fig1_height_distribution,supplement,PSP,PSP,0.31608405112663523,7.208556080397278e-05,0.6838438633125609
logreg,none,fig2_tht_spectra_all_numeric,supplement,AD,AD,0.6224441512885404,0.040449728533253564,0.3371061201782061
logreg,none,fig2_tht_spectra_all_numeric,supplement,DLB,AD,0.7666585085346841,0.12774582774382132,0.10559566372149452
logreg,none,fig2_tht_spectra_all_numeric,supplement,PSP,AD,0.834159242197421,0.08296934596149687,0.08287141184108227
logreg,none,fig3_proteolysis_all_numeric,supplement,AD,PSP,0.10891732065571857,0.12892528457255345,0.762157394771728
logreg,none,fig3_proteolysis_all_numeric,supplement,DLB,AD,0.8132098124056216,0.1393276882230523,0.04746249937132593
logreg,none,fig3_proteolysis_all_numeric,supplement,PSP,PSP,0.04463020416463016,0.4684084626772404,0.4869613331581293
logreg,none,fig4_antibody_all_numeric,supplement,AD,AD,0.5389305684452994,0.03422177349104593,0.42684765806365466
logreg,none,fig4_antibody_all_numeric,supplement,DLB,DLB,0.22158490701840597,0.6809040436035109,0.09751104937808318
logreg,none,fig4_antibody_all_numeric,supplement,PSP,PSP,0.17079064824683782,0.19971755686571005,0.6294917948874521
logreg,none,fig5_functional_all_numeric,supplement,AD,PSP,0.3367232563791697,0.023554502256315606,0.6397222413645147
logreg,none,fig5_functional_all_numeric,supplement,DLB,AD,0.605211470546194,0.24689159952030698,0.14789692993349904
logreg,none,fig5_functional_all_numeric,supplement,PSP,AD,0.7220121799114343,0.21591339115356334,0.062074428935002264
logreg,none,fig6_ephys_all_numeric,supplement,AD,DLB,0.02393003558566554,0.9748193830916632,0.0012505813226714446
logreg,none,fig6_ephys_all_numeric,supplement,DLB,AD,0.5552848771224533,0.3011819310805892,0.14353319179695753
logreg,none,fig6_ephys_all_numeric,supplement,PSP,DLB,0.011392934604294216,0.8500349595521252,0.13857210584358068
logreg,none,fig7_C57BL/6,geo_scrnaseq,AD,AD,0.8859643024886925,0.03798941304635027,0.07604628446495733
logreg,none,fig7_C57BL/6,geo_scrnaseq,DLB,DLB,0.013805127622518938,0.9511408477513176,0.03505402462616335
logreg,none,fig7_C57BL/6,geo_scrnaseq,PSP,PSP,0.14791925643800277,0.0065413326723214775,0.8455394108896758
logreg,none,fig7_hTau,geo_scrnaseq,AD,DLB,0.0049021815361151464,0.7464730150065086,0.24862480345737628
logreg,none,fig7_hTau,geo_scrnaseq,DLB,DLB,0.15694528609768374,0.5848064039461268,0.2582483099561894
logreg,none,fig7_hTau,geo_scrnaseq,PSP,AD,0.9255935071594875,0.02166072511730033,0.05274576772321217
logreg,3,fig1_all_numeric,supplement,AD,DLB,0.2197281199782997,0.717744630991542,0.06252724903015836
logreg,3,fig1_all_numeric,supplement,DLB,AD,0.5644928444886563,0.29849024018007203,0.1370169153312716
logreg,3,fig1_all_numeric,supplement,PSP,PSP,0.16819878712377112,0.025815390945892854,0.8059858219303361
logreg,3,fig1_area_distribution,supplement,AD,DLB,0.08144318738709187,0.7551406321877947,0.16341618042511347
logreg,3,fig1_area_distribution,supplement,DLB,AD,0.6914059264255323,0.21050169704432992,0.09809237653013779
logreg,3,fig1_area_distribution,supplement,PSP,PSP,0.3243341609949404,0.05649593818134115,0.6191699008237185
logreg,3,fig1_diameter_distribution,supplement,AD,AD,0.3660813451345185,0.27052015194583956,0.3633985029196419
logreg,3,fig1_diameter_distribution,supplement,DLB,DLB,0.3029206508265737,0.6732321244602,0.023847224713226364
logreg,3,fig1_diameter_distribution,supplement,PSP,PSP,0.1900587472027025,0.04666414288461966,0.7632771099126778
logreg,3,fig1_height_distribution,supplement,AD,DLB,0.04403575010506842,0.8094877767092672,0.14647647318566448
logreg,3,fig1_height_distribution,supplement,DLB,DLB,0.21919299893865496,0.669177062028186,0.11162993903315886
logreg,3,fig1_height_distribution,supplement,PSP,AD,0.6357985503431394,0.0035492918457078818,0.36065215781115273
logreg,3,fig2_tht_spectra_all_numeric,supplement,AD,AD,0.40678501057335315,0.32963379686048916,0.2635811925661577
logreg,3,fig2_tht_spectra_all_numeric,supplement,DLB,AD,0.40678501057335315,0.32963379686048916,0.2635811925661577
logreg,3,fig2_tht_spectra_all_numeric,supplement,PSP,AD,0.40678501057335315,0.32963379686048916,0.2635811925661577
logreg,3,fig3_proteolysis_all_numeric,supplement,AD,PSP,0.37961874970992926,0.19724091855958048,0.4231403317304902
logreg,3,fig3_proteolysis_all_numeric,supplement,DLB,AD,0.444171990531164,0.37159553883984425,0.18423247062899173
logreg,3,fig3_proteolysis_all_numeric,supplement,PSP,AD,0.4846979658610809,0.3361810186078841,0.17912101553103513
logreg,3,fig4_antibody_all_numeric,supplement,AD,PSP,0.35996129428194384,0.07704774444223057,0.5629909612758257
logreg,3,fig4_antibody_all_numeric,supplement,DLB,DLB,0.2236690756392155,0.7137001343052396,0.0626307900555449
logreg,3,fig4_antibody_all_numeric,supplement,PSP,AD,0.39686936739919726,0.3196271444015251,0.2835034881992777
logreg,3,fig5_functional_all_numeric,supplement,AD,PSP,0.055075038217066434,0.021099015035763214,0.9238259467471704
logreg,3,fig5_functional_all_numeric,supplement,DLB,DLB,0.367065497947788,0.622820522196798,0.010113979855414049
logreg,3,fig5_functional_all_numeric,supplement,PSP,AD,0.44424222176994776,0.3402395609563091,0.21551821727374323
logreg,3,fig6_ephys_all_numeric,supplement,AD,DLB,0.42840530010298455,0.4566105993110287,0.11498410058598683
logreg,3,fig6_ephys_all_numeric,supplement,DLB,DLB,0.3343531808774192,0.5862433441192889,0.07940347500329183
logreg,3,fig6_ephys_all_numeric,supplement,PSP,PSP,0.1815954648493975,0.034780696540719726,0.7836238386098828
logreg,3,fig7_C57BL/6,geo_scrnaseq,AD,AD,0.37719061666104586,0.33919226116855583,0.2836171221703984
logreg,3,fig7_C57BL/6,geo_scrnaseq,DLB,DLB,0.17578106511397568,0.7154163354916188,0.1088025993944055
logreg,3,fig7_C57BL/6,geo_scrnaseq,PSP,AD,0.4701505843315005,0.07169816334293917,0.4581512523255604
logreg,3,fig7_hTau,geo_scrnaseq,AD,DLB,0.11149380171143754,0.5128108868480454,0.37569531144051715
logreg,3,fig7_hTau,geo_scrnaseq,DLB,AD,0.4738194250551345,0.32286747041189934,0.2033131045329661
logreg,3,fig7_hTau,geo_scrnaseq,PSP,AD,0.7838811685363573,0.09612666696111767,0.11999216450252508
logreg,5,fig1_all_numeric,supplement,AD,DLB,0.48221558247991,0.4830658376570439,0.03471857986304611
logreg,5,fig1_all_numeric,supplement,DLB,AD,0.49975843770240064,0.32881448342270014,0.17142707887489925
logreg,5,fig1_all_numeric,supplement,PSP,PSP,0.045859728784260985,0.026364985383272893,0.9277752858324662
logreg,5,fig1_area_distribution,supplement,AD,DLB,0.05930401510759966,0.8988848143825776,0.04181117050982251
logreg,5,fig1_area_distribution,supplement,DLB,AD,0.7087241974337498,0.16756943486028256,0.12370636770596759
logreg,5,fig1_area_distribution,supplement,PSP,PSP,0.21520985012724012,0.019327425810177056,0.7654627240625829
logreg,5,fig1_diameter_distribution,supplement,AD,AD,0.5915204873689626,0.17581379889830553,0.23266571373273187
logreg,5,fig1_diameter_distribution,supplement,DLB,AD,0.7525989857386306,0.2371632689982905,0.010237745263078845
logreg,5,fig1_diameter_distribution,supplement,PSP,PSP,0.013768823574543815,0.06903563718691808,0.9171955392385381
logreg,5,fig1_height_distribution,supplement,AD,DLB,0.06290053283185627,0.7896490470790044,0.1474504200891394
logreg,5,fig1_height_distribution,supplement,DLB,DLB,0.2145903246707344,0.7466936478620096,0.03871602746725585
logreg,5,fig1_height_distribution,supplement,PSP,PSP,0.42339964729591795,0.0009952613325250592,0.575605091371557
logreg,5,fig2_tht_spectra_all_numeric,supplement,AD,AD,0.4930137576172852,0.39520268100095113,0.11178356138176372
logreg,5,fig2_tht_spectra_all_numeric,supplement,DLB,AD,0.40015384321046094,0.32758470287235336,0.2722614539171856
logreg,5,fig2_tht_spectra_all_numeric,supplement,PSP,PSP,0.2621706349400616,0.2137741345782869,0.5240552304816516
logreg,5,fig3_proteolysis_all_numeric,supplement,AD,AD,0.41193351581871024,0.21850436868334117,0.3695621154979486
logreg,5,fig3_proteolysis_all_numeric,supplement,DLB,AD,0.4314777313232326,0.3547304743717309,0.2137917943050366
logreg,5,fig3_proteolysis_all_numeric,supplement,PSP,AD,0.4606097907491228,0.3461445879966611,0.19324562125421604
logreg,5,fig4_antibody_all_numeric,supplement,AD,AD,0.4989002894358971,0.1567537166388217,0.34434599392528115
logreg,5,fig4_antibody_all_numeric,supplement,DLB,DLB,0.22299068333987487,0.7163132324114909,0.06069608424863421
logreg,5,fig4_antibody_all_numeric,supplement,PSP,PSP,0.36135248688114496,0.14460401878557755,0.49404349433327754
logreg,5,fig5_functional_all_numeric,supplement,AD,PSP,0.058439609565355516,0.011602999655222896,0.9299573907794215
logreg,5,fig5_functional_all_numeric,supplement,DLB,DLB,0.24103496305503272,0.7520695314929404,0.006895505452026865
logreg,5,fig5_functional_all_numeric,supplement,PSP,AD,0.4366994485857487,0.38534712396008414,0.17795342745416712
logreg,5,fig6_ephys_all_numeric,supplement,AD,DLB,0.3372332636378614,0.5563378564505609,0.1064288799115778
logreg,5,fig6_ephys_all_numeric,supplement,DLB,DLB,0.33293407528764246,0.5970059606121094,0.07005996410024805
logreg,5,fig6_ephys_all_numeric,supplement,PSP,PSP,0.17089063608144844,0.025034064417921692,0.8040752995006298
logreg,5,fig7_C57BL/6,geo_scrnaseq,AD,AD,0.4015047021078768,0.3208872638474931,0.2776080340446301
logreg,5,fig7_C57BL/6,geo_scrnaseq,DLB,DLB,0.13846667873500124,0.83614225322933,0.025391068035668818
logreg,5,fig7_C57BL/6,geo_scrnaseq,PSP,PSP,0.2665573420669926,0.025936913693526013,0.7075057442394814
logreg,5,fig7_hTau,geo_scrnaseq,AD,PSP,0.027287947193085707,0.3828668620454425,0.5898451907614718
logreg,5,fig7_hTau,geo_scrnaseq,DLB,AD,0.6946104285745732,0.24268824298976585,0.06270132843566098
logreg,5,fig7_hTau,geo_scrnaseq,PSP,AD,0.724463179519744,0.11258869645965223,0.16294812402060363
logreg,8,fig1_all_numeric,supplement,AD,AD,0.4796785150973958,0.4736244022135052,0.046697082689099036
logreg,8,fig1_all_numeric,supplement,DLB,AD,0.47768615616431237,0.257205128946779,0.2651087148889086
logreg,8,fig1_all_numeric,supplement,PSP,PSP,0.10979901736814042,0.06812810918047847,0.8220728734513812
logreg,8,fig1_area_distribution,supplement,AD,DLB,0.3227156327982357,0.6481576221414255,0.029126745060338934
logreg,8,fig1_area_distribution,supplement,DLB,AD,0.5683701860618109,0.23490246486467223,0.1967273490735168
logreg,8,fig1_area_distribution,supplement,PSP,PSP,0.04897649987799437,0.02309531400755591,0.9279281861144497
logreg,8,fig1_diameter_distribution,supplement,AD,AD,0.9663350451620072,0.009367922888409793,0.024297031949582954
logreg,8,fig1_diameter_distribution,supplement,DLB,DLB,0.0072794141700487395,0.969363202104916,0.023357383725035187
logreg,8,fig1_diameter_distribution,supplement,PSP,PSP,0.11237090795413224,0.025813168086197005,0.8618159239596708
logreg,8,fig1_height_distribution,supplement,AD,DLB,0.11171761954107129,0.7728521006459924,0.1154302798129364
logreg,8,fig1_height_distribution,supplement,DLB,DLB,0.08673058425281283,0.8781077399880606,0.03516167575912672
logreg,8,fig1_height_distribution,supplement,PSP,PSP,0.399895930440946,0.0007430465329467992,0.5993610230261073
logreg,8,fig2_tht_spectra_all_numeric,supplement,AD,AD,0.4534244487691697,0.3896673365906303,0.15690821464019988
logreg,8,fig2_tht_spectra_all_numeric,supplement,DLB,DLB,0.15114962806426466,0.6549574333633148,0.19389293857242065
logreg,8,fig2_tht_spectra_all_numeric,supplement,PSP,AD,0.5057007119403323,0.05367342819212116,0.44062585986754654
logreg,8,fig3_proteolysis_all_numeric,supplement,AD,PSP,0.3979179773799142,0.15289472741877747,0.4491872952013083
logreg,8,fig3_proteolysis_all_numeric,supplement,DLB,DLB,0.3574671596657784,0.38397219848674385,0.25856064184747785
logreg,8,fig3_proteolysis_all_numeric,supplement,PSP,AD,0.4309508022484086,0.34019518584224745,0.2288540119093439
logreg,8,fig4_antibody_all_numeric,supplement,AD,AD,0.4591905205120069,0.12492376421195599,0.4158857152760372
logreg,8,fig4_antibody_all_numeric,supplement,DLB,DLB,0.24542097688942363,0.6905374195565891,0.06404160355398715
logreg,8,fig4_antibody_all_numeric,supplement,PSP,PSP,0.23693707501907907,0.13117968280767464,0.6318832421732463
logreg,8,fig5_functional_all_numeric,supplement,AD,PSP,0.1187045557702141,0.01571267210669285,0.8655827721230932
logreg,8,fig5_functional_all_numeric,supplement,DLB,DLB,0.1838049811335383,0.7855095516137512,0.03068546725271048
logreg,8,fig5_functional_all_numeric,supplement,PSP,AD,0.44705780533880296,0.41379725143258506,0.13914494322861196
logreg,8,fig6_ephys_all_numeric,supplement,AD,AD,0.7855678050700807,0.13017820977681863,0.0842539851531007
logreg,8,fig6_ephys_all_numeric,supplement,DLB,DLB,0.37697856308283745,0.434807430556751,0.18821400636041152
logreg,8,fig6_ephys_all_numeric,supplement,PSP,PSP,0.08773809428283794,0.09234412352005777,0.8199177821971042
logreg,8,fig7_C57BL/6,geo_scrnaseq,AD,AD,0.5198117798634878,0.0640355902246719,0.4161526299118403
logreg,8,fig7_C57BL/6,geo_scrnaseq,DLB,DLB,0.18739569015885565,0.778965640227527,0.033638669613617354
logreg,8,fig7_C57BL/6,geo_scrnaseq,PSP,PSP,0.18803385077674895,0.10226661535437055,0.7096995338688805
logreg,8,fig7_hTau,geo_scrnaseq,AD,DLB,0.0036992030907418323,0.6634554382501374,0.33284535865912074
logreg,8,fig7_hTau,geo_scrnaseq,DLB,DLB,0.3230983201736316,0.600785269520012,0.07611641030635644
logreg,8,fig7_hTau,geo_scrnaseq,PSP,AD,0.798503988814978,0.10185482461340532,0.09964118657161662
svc_linear,none,fig1_all_numeric,supplement,AD,DLB,0.31557064930776596,0.4252790922800226,0.25915025841221145
svc_linear,none,fig1_all_numeric,supplement,DLB,DLB,0.21412254787616414,0.569260001593484,0.21661745053035164
svc_linear,none,fig1_all_numeric,supplement,PSP,AD,0.6468235396130876,0.0770666746418727,0.2761097857450397
svc_linear,none,fig1_area_distribution,supplement,AD,DLB,0.08820173787099053,0.6040873486174738,0.30771091351153573
svc_linear,none,fig1_area_distribution,supplement,DLB,AD,0.6764570527507576,0.15252585569665567,0.17101709155258643
svc_linear,none,fig1_area_distribution,supplement,PSP,PSP,0.4102584634451046,0.08652632021176895,0.5032152163431262
svc_linear,none,fig1_diameter_distribution,supplement,AD,PSP,0.39015402942603655,0.12003407938381362,0.4898118911901498
svc_linear,none,fig1_diameter_distribution,supplement,DLB,DLB,0.31663133380434,0.5884352333702313,0.09493343282542882
svc_linear,none,fig1_diameter_distribution,supplement,PSP,PSP,0.39873178057496245,0.08880881202549125,0.5124594073995462
svc_linear,none,fig1_height_distribution,supplement,AD,DLB,0.16177219650374675,0.6957904656426066,0.1424373378536468
svc_linear,none,fig1_height_distribution,supplement,DLB,DLB,0.23178161559559382,0.5691417023183492,0.19907668208605708
svc_linear,none,fig1_height_distribution,supplement,PSP,PSP,0.4721729770038686,0.011056369259306588,0.5167706537368247
svc_linear,none,fig2_tht_spectra_all_numeric,supplement,AD,AD,0.37757525858733887,0.13807974986329463,0.4843449915493664
svc_linear,none,fig2_tht_spectra_all_numeric,supplement,DLB,AD,0.3582337262467929,0.22767986012204425,0.4140864136311629
svc_linear,none,fig2_tht_spectra_all_numeric,supplement,PSP,AD,0.3448560030730629,0.32243787326951767,0.33270612365741936
svc_linear,none,fig3_proteolysis_all_numeric,supplement,AD,PSP,0.3546350638026792,0.2214173570705208,0.4239475791268
svc_linear,none,fig3_proteolysis_all_numeric,supplement,DLB,AD,0.40110956088984195,0.33216187168384714,0.266728567426311
svc_linear,none,fig3_proteolysis_all_numeric,supplement,PSP,DLB,0.2921374178405877,0.3799531749960088,0.32790940716340355
svc_linear,none,fig4_antibody_all_numeric,supplement,AD,PSP,0.32498513888437636,0.31590256047944065,0.3591123006361827
svc_linear,none,fig4_antibody_all_numeric,supplement,DLB,DLB,0.34162130042377786,0.41468764656217927,0.24369105301404317
svc_linear,none,fig4_antibody_all_numeric,supplement,PSP,PSP,0.3358220681893776,0.27398594026340706,0.39019199154721523
svc_linear,none,fig5_functional_all_numeric,supplement,AD,AD,0.39774710699774884,0.2402127690164875,0.36204012398576363
svc_linear,none,fig5_functional_all_numeric,supplement,DLB,AD,0.39374167377765235,0.2676592238450863,0.33859910237726126
svc_linear,none,fig5_functional_all_numeric,supplement,PSP,AD,0.4321082657558369,0.3429129077669126,0.22497882647725065
svc_linear,none,fig6_ephys_all_numeric,supplement,AD,DLB,0.18130619715392204,0.5154660640916945,0.30322773875438336
svc_linear,none,fig6_ephys_all_numeric,supplement,DLB,AD,0.3217466344814657,0.27627974841416586,0.40197361710436846
svc_linear,none,fig6_ephys_all_numeric,supplement,PSP,AD,0.24634157424090972,0.3389256928217656,0.4147327329373246
svc_linear,none,fig7_C57BL/6,geo_scrnaseq,AD,AD,0.30240376318510437,0.36040388449933025,0.3371923523155654
svc_linear,none,fig7_C57BL/6,geo_scrnaseq,DLB,DLB,0.3840426719109129,0.39258751047255586,0.22336981761653102
svc_linear,none,fig7_C57BL/6,geo_scrnaseq,PSP,PSP,0.3073091267600744,0.25723281765948475,0.4354580555804409
svc_linear,none,fig7_hTau,geo_scrnaseq,AD,DLB,0.09112118417162957,0.7311103364116872,0.1777684794166834
svc_linear,none,fig7_hTau,geo_scrnaseq,DLB,DLB,0.2163698537829374,0.505919974461181,0.2777101717558815
svc_linear,none,fig7_hTau,geo_scrnaseq,PSP,AD,0.5965735013703428,0.16885115519027963,0.2345753434393773
svc_linear,3,fig1_all_numeric,supplement,AD,DLB,0.27214495706969105,0.5814898372154542,0.14636520571485465
svc_linear,3,fig1_all_numeric,supplement,DLB,AD,0.46719371151422445,0.29908574679131417,0.2337205416944616
svc_linear,3,fig1_all_numeric,supplement,PSP,PSP,0.38757910887540603,0.048893937363052795,0.5635269537615413
svc_linear,3,fig1_area_distribution,supplement,AD,DLB,0.1621806021139472,0.631119714327592,0.20669968355846116
svc_linear,3,fig1_area_distribution,supplement,DLB,AD,0.5348973273693562,0.29560953752187047,0.1694931351087731
svc_linear,3,fig1_area_distribution,supplement,PSP,PSP,0.38229692121471126,0.11911923387269747,0.49858384491259117
svc_linear,3,fig1_diameter_distribution,supplement,AD,PSP,0.33617573317847277,0.29479805534649284,0.36902621147503434
svc_linear,3,fig1_diameter_distribution,supplement,DLB,DLB,0.36957977802056813,0.5573330946204665,0.07308712735896522
svc_linear,3,fig1_diameter_distribution,supplement,PSP,PSP,0.3598887944445723,0.09712996077938044,0.542981244776047
svc_linear,3,fig1_height_distribution,supplement,AD,DLB,0.1404831208010237,0.7397314967620275,0.11978538243694899
svc_linear,3,fig1_height_distribution,supplement,DLB,DLB,0.3156421733891606,0.5188520077152212,0.16550581889561822
svc_linear,3,fig1_height_distribution,supplement,PSP,AD,0.5096159712550898,0.008652331649486596,0.48173169709542346
svc_linear,3,fig2_tht_spectra_all_numeric,supplement,AD,AD,0.3560892400212251,0.3439591800416463,0.2999515799371287
svc_linear,3,fig2_tht_spectra_all_numeric,supplement,DLB,AD,0.3560892400212251,0.3439591800416463,0.2999515799371287
svc_linear,3,fig2_tht_spectra_all_numeric,supplement,PSP,AD,0.3560892400212251,0.3439591800416463,0.2999515799371287
svc_linear,3,fig3_proteolysis_all_numeric,supplement,AD,AD,0.40618003155952637,0.2584529001685102,0.33536706827196333
svc_linear,3,fig3_proteolysis_all_numeric,supplement,DLB,AD,0.4406631443628202,0.31419273840065737,0.24514411723652235
svc_linear,3,fig3_proteolysis_all_numeric,supplement,PSP,AD,0.4547342653102593,0.3349538324305851,0.21031190225915572
svc_linear,3,fig4_antibody_all_numeric,supplement,AD,PSP,0.23941979595291327,0.13682730042498614,0.6237529036221006
svc_linear,3,fig4_antibody_all_numeric,supplement,DLB,DLB,0.4543152640219617,0.44400002815765277,0.1016847078203854
svc_linear,3,fig4_antibody_all_numeric,supplement,PSP,AD,0.35531053976686866,0.31309908465314257,0.3315903755799885
svc_linear,3,fig5_functional_all_numeric,supplement,AD,PSP,0.19799195063041686,0.07889397876660642,0.7231140706029767
svc_linear,3,fig5_functional_all_numeric,supplement,DLB,DLB,0.5258323382608524,0.4356886920656914,0.038478969673456175
svc_linear,3,fig5_functional_all_numeric,supplement,PSP,AD,0.40707035065545333,0.3524777898057523,0.24045185953879422
svc_linear,3,fig6_ephys_all_numeric,supplement,AD,DLB,0.3960837102586814,0.4374840382688056,0.1664322514725133
svc_linear,3,fig6_ephys_all_numeric,supplement,DLB,DLB,0.4014636517962666,0.46695233734757474,0.13158401085615862
svc_linear,3,fig6_ephys_all_numeric,supplement,PSP,PSP,0.34946853307257536,0.10134402060918694,0.5491874463182375
svc_linear,3,fig7_C57BL/6,geo_scrnaseq,AD,AD,0.35903533977418095,0.3131608329623592,0.3278038272634597
svc_linear,3,fig7_C57BL/6,geo_scrnaseq,DLB,DLB,0.3315551147466964,0.4931272787534145,0.17531760649988917
svc_linear,3,fig7_C57BL/6,geo_scrnaseq,PSP,AD,0.3838888469359846,0.14883986873463326,0.4672712843293821
svc_linear,3,fig7_hTau,geo_scrnaseq,AD,PSP,0.16993975128195432,0.34723839469320383,0.4828218540248421
svc_linear,3,fig7_hTau,geo_scrnaseq,DLB,AD,0.44775341004654495,0.3130063812256028,0.23924020872785215
svc_linear,3,fig7_hTau,geo_scrnaseq,PSP,AD,0.702514997511544,0.14942125955324045,0.14806374293521532
svc_linear,5,fig1_all_numeric,supplement,AD,AD,0.5288367927202662,0.31831459131014983,0.15284861596958402
svc_linear,5,fig1_all_numeric,supplement,DLB,AD,0.41879376435940646,0.35692506437922056,0.224281171261373
svc_linear,5,fig1_all_numeric,supplement,PSP,PSP,0.2093879435529813,0.0875523115039306,0.7030597449430878
svc_linear,5,fig1_area_distribution,supplement,AD,DLB,0.2697963896038279,0.6522003443956217,0.0780032660005505
svc_linear,5,fig1_area_distribution,supplement,DLB,AD,0.47164511801300235,0.31327868044056983,0.2150762015464278
svc_linear,5,fig1_area_distribution,supplement,PSP,PSP,0.3333896582873786,0.08435583967384115,0.5822545020387802
svc_linear,5,fig1_diameter_distribution,supplement,AD,AD,0.42000350718894336,0.23587100282335777,0.3441254899876987
svc_linear,5,fig1_diameter_distribution,supplement,DLB,AD,0.5971902665438535,0.27783565976877916,0.12497407368736746
svc_linear,5,fig1_diameter_distribution,supplement,PSP,PSP,0.24258061110638668,0.14277192582612877,0.6146474630674844
svc_linear,5,fig1_height_distribution,supplement,AD,DLB,0.214869719835024,0.6231955488637799,0.1619347313011961
svc_linear,5,fig1_height_distribution,supplement,DLB,DLB,0.33767996090389857,0.544002145083497,0.1183178940126043
svc_linear,5,fig1_height_distribution,supplement,PSP,AD,0.5236707453757182,0.005101270411166685,0.47122798421311485
svc_linear,5,fig2_tht_spectra_all_numeric,supplement,AD,AD,0.4909464455358571,0.3354600048435934,0.1735935496205495
svc_linear,5,fig2_tht_spectra_all_numeric,supplement,DLB,AD,0.37411615381004226,0.33413592987092305,0.2917479163190347
svc_linear,5,fig2_tht_spectra_all_numeric,supplement,PSP,PSP,0.2822817830727413,0.2657569179772835,0.45196129894997494
svc_linear,5,fig3_proteolysis_all_numeric,supplement,AD,AD,0.37281635625391246,0.283370390415319,0.3438132533307685
svc_linear,5,fig3_proteolysis_all_numeric,supplement,DLB,AD,0.3893888059030982,0.3478406306093992,0.2627705634875024
svc_linear,5,fig3_proteolysis_all_numeric,supplement,PSP,AD,0.3943116810021133,0.36786981536106217,0.23781850363682458
svc_linear,5,fig4_antibody_all_numeric,supplement,AD,AD,0.32514026184851863,0.2656265760553503,0.4092331620961311
svc_linear,5,fig4_antibody_all_numeric,supplement,DLB,DLB,0.44241820362956724,0.4279115534678999,0.12967024290253276
svc_linear,5,fig4_antibody_all_numeric,supplement,PSP,AD,0.33050873749142223,0.23190283108238677,0.43758843142619097
svc_linear,5,fig5_functional_all_numeric,supplement,AD,PSP,0.14720438921593032,0.06210009423802513,0.7906955165460446
svc_linear,5,fig5_functional_all_numeric,supplement,DLB,DLB,0.5804471905215371,0.38809876658710457,0.03145404289135824
svc_linear,5,fig5_functional_all_numeric,supplement,PSP,AD,0.3664131738264904,0.4373303229391844,0.19625650323432492
svc_linear,5,fig6_ephys_all_numeric,supplement,AD,DLB,0.38781262272322714,0.43818566339066195,0.17400171388611066
svc_linear,5,fig6_ephys_all_numeric,supplement,DLB,DLB,0.4012598283129111,0.46352343457192247,0.13521673711516638
svc_linear,5,fig6_ephys_all_numeric,supplement,PSP,PSP,0.3118235834078587,0.11868568003269701,0.5694907365594443
svc_linear,5,fig7_C57BL/6,geo_scrnaseq,AD,AD,0.3416961983247364,0.35879247640752715,0.2995113252677363
svc_linear,5,fig7_C57BL/6,geo_scrnaseq,DLB,DLB,0.44757232270986813,0.44589565311552415,0.10653202417460757
svc_linear,5,fig7_C57BL/6,geo_scrnaseq,PSP,PSP,0.32055764478882043,0.11452149459528402,0.5649208606158957
svc_linear,5,fig7_hTau,geo_scrnaseq,AD,PSP,0.07392316292888383,0.3730159751507731,0.553060861920343
svc_linear,5,fig7_hTau,geo_scrnaseq,DLB,AD,0.5665574881327864,0.3493562475871673,0.0840862642800459
svc_linear,5,fig7_hTau,geo_scrnaseq,PSP,AD,0.5658886616451254,0.28080850896772924,0.1533028293871454
svc_linear,8,fig1_all_numeric,supplement,AD,AD,0.5019243188165526,0.36293298559150994,0.13514269559193737
svc_linear,8,fig1_all_numeric,supplement,DLB,AD,0.4236743312303254,0.3186507419823729,0.25767492678730164
svc_linear,8,fig1_all_numeric,supplement,PSP,PSP,0.2379695031364545,0.2191373715982196,0.5428931252653256
svc_linear,8,fig1_area_distribution,supplement,AD,DLB,0.43925113832831375,0.48183449713321674,0.0789143645384694
svc_linear,8,fig1_area_distribution,supplement,DLB,AD,0.4142249767129011,0.3540551814565298,0.23171984183056887
svc_linear,8,fig1_area_distribution,supplement,PSP,PSP,0.222489314068906,0.08745972600451164,0.6900509599265825
svc_linear,8,fig1_diameter_distribution,supplement,AD,AD,0.8079096941753353,0.10347993988119944,0.08861036594346525
svc_linear,8,fig1_diameter_distribution,supplement,DLB,DLB,0.09627834189144271,0.8333773787383031,0.07034427937025452
svc_linear,8,fig1_diameter_distribution,supplement,PSP,AD,0.4121835512459485,0.14343399240428387,0.44438245634976764
svc_linear,8,fig1_height_distribution,supplement,AD,DLB,0.22684828684164474,0.6251691391166654,0.1479825740416896
svc_linear,8,fig1_height_distribution,supplement,DLB,DLB,0.29968058180820245,0.5454795925454288,0.15483982564636856
svc_linear,8,fig1_height_distribution,supplement,PSP,AD,0.5492406210108217,0.008610263716099662,0.4421491152730785
svc_linear,8,fig2_tht_spectra_all_numeric,supplement,AD,AD,0.4614081825902464,0.3410756549828755,0.1975161624268783
svc_linear,8,fig2_tht_spectra_all_numeric,supplement,DLB,DLB,0.2642379052420811,0.5741581794744574,0.16160391528346138
svc_linear,8,fig2_tht_spectra_all_numeric,supplement,PSP,PSP,0.46674473734859556,0.10584566369515144,0.42740959895625286
svc_linear,8,fig3_proteolysis_all_numeric,supplement,AD,PSP,0.40352903896685094,0.1352855656585743,0.4611853953745751
svc_linear,8,fig3_proteolysis_all_numeric,supplement,DLB,DLB,0.29816803175310047,0.42733275505646584,0.27449921319043374
svc_linear,8,fig3_proteolysis_all_numeric,supplement,PSP,AD,0.37627065566467255,0.3218336512284369,0.30189569310689063
svc_linear,8,fig4_antibody_all_numeric,supplement,AD,PSP,0.41409230748799375,0.11372144626324947,0.47218624624875677
svc_linear,8,fig4_antibody_all_numeric,supplement,DLB,DLB,0.27224063902443624,0.641110200133627,0.08664916084193662
svc_linear,8,fig4_antibody_all_numeric,supplement,PSP,PSP,0.3123479285041176,0.24060381334256284,0.4470482581533196
svc_linear,8,fig5_functional_all_numeric,supplement,AD,PSP,0.39051300243472503,0.07085591699870211,0.5386310805665728
svc_linear,8,fig5_functional_all_numeric,supplement,DLB,DLB,0.2804020233974352,0.62222113506612,0.0973768415364448
svc_linear,8,fig5_functional_all_numeric,supplement,PSP,DLB,0.4361398298061825,0.3914415936037988,0.17241857659001858
svc_linear,8,fig6_ephys_all_numeric,supplement,AD,AD,0.5864340560369525,0.2100173758830111,0.20354856808003666
svc_linear,8,fig6_ephys_all_numeric,supplement,DLB,AD,0.4183454448054725,0.2938571266292904,0.2877974285652367
svc_linear,8,fig6_ephys_all_numeric,supplement,PSP,PSP,0.3146357023598875,0.1601142896899232,0.525250007950189
svc_linear,8,fig7_C57BL/6,geo_scrnaseq,AD,PSP,0.4496513332815693,0.10518019070550502,0.4451684760129256
svc_linear,8,fig7_C57BL/6,geo_scrnaseq,DLB,DLB,0.25830211353288907,0.6410471159758734,0.10065077049123795
svc_linear,8,fig7_C57BL/6,geo_scrnaseq,PSP,PSP,0.34296884352045703,0.21952021509343972,0.4375109413861031
svc_linear,8,fig7_hTau,geo_scrnaseq,AD,DLB,0.005256686029966076,0.751353894040791,0.24338941992924318
svc_linear,8,fig7_hTau,geo_scrnaseq,DLB,DLB,0.24510349557648445,0.6381048157197741,0.11679168870374147
svc_linear,8,fig7_hTau,geo_scrnaseq,PSP,AD,0.7613727794338657,0.1383711566841303,0.10025606388200392
svc_rbf,none,fig1_all_numeric,supplement,AD,AD,0.3267068585028094,0.33555742798722016,0.33773571350997045
svc_rbf,none,fig1_all_numeric,supplement,DLB,AD,0.32880303362800056,0.3335334380368502,0.3376635283351492
svc_rbf,none,fig1_all_numeric,supplement,PSP,AD,0.32661655828588226,0.3361334900142538,0.33724995169986377
svc_rbf,none,fig1_area_distribution,supplement,AD,AD,0.33674278471902647,0.32612079865314647,0.33713641662782684
svc_rbf,none,fig1_area_distribution,supplement,DLB,AD,0.3358091186929768,0.32273470394107895,0.3414561773659443
svc_rbf,none,fig1_area_distribution,supplement,PSP,AD,0.3404590170893531,0.32336148946574395,0.3361794934449028
svc_rbf,none,fig1_diameter_distribution,supplement,AD,AD,0.31882535428507724,0.33898260937841285,0.34219203633650985
svc_rbf,none,fig1_diameter_distribution,supplement,DLB,DLB,0.3534473089844098,0.27851135308615893,0.3680413379294311
svc_rbf,none,fig1_diameter_distribution,supplement,PSP,PSP,0.30808755859152553,0.3963384026844427,0.295574038724032
svc_rbf,none,fig1_height_distribution,supplement,AD,DLB,0.2919683120468254,0.32866208943392433,0.3793695985192504
svc_rbf,none,fig1_height_distribution,supplement,DLB,DLB,0.3987360152831493,0.27573215698327624,0.3255318277335745
svc_rbf,none,fig1_height_distribution,supplement,PSP,PSP,0.31166032601141663,0.38112447122859905,0.3072152027599844
svc_rbf,none,fig2_tht_spectra_all_numeric,supplement,AD,AD,0.33913396974917404,0.34347589706399234,0.31739013318683357
svc_rbf,none,fig2_tht_spectra_all_numeric,supplement,DLB,AD,0.3391883971542089,0.3436003368306073,0.3172112660151837
svc_rbf,none,fig2_tht_spectra_all_numeric,supplement,PSP,AD,0.33926285857321054,0.34327287029118414,0.3174642711356052
svc_rbf,none,fig3_proteolysis_all_numeric,supplement,AD,PSP,0.3528973682257433,0.20763121475477844,0.4394714170194782
svc_rbf,none,fig3_proteolysis_all_numeric,supplement,DLB,AD,0.3534240063731366,0.37936190943327514,0.26721408419358833
svc_rbf,none,fig3_proteolysis_all_numeric,supplement,PSP,DLB,0.3120525367218826,0.41271419715048063,0.27523326612763677
svc_rbf,none,fig4_antibody_all_numeric,supplement,AD,AD,0.29074307125972004,0.27969447670063047,0.4295624520396493
svc_rbf,none,fig4_antibody_all_numeric,supplement,DLB,AD,0.3175328681083861,0.38366522842449974,0.29880190346711444
svc_rbf,none,fig4_antibody_all_numeric,supplement,PSP,DLB,0.41084476566353456,0.285014231877822,0.3041410024586434
svc_rbf,none,fig5_functional_all_numeric,supplement,AD,PSP,0.3155716934646672,0.25892010383002617,0.42550820270530637
svc_rbf,none,fig5_functional_all_numeric,supplement,DLB,DLB,0.3529017729661833,0.3650112565840241,0.28208697044979264
svc_rbf,none,fig5_functional_all_numeric,supplement,PSP,AD,0.35663656647547626,0.40519935512531874,0.23816407839920484
svc_rbf,none,fig6_ephys_all_numeric,supplement,AD,AD,0.3336345877964991,0.3245114362407693,0.34185397596273137
svc_rbf,none,fig6_ephys_all_numeric,supplement,DLB,AD,0.32776024977007934,0.3253585140673314,0.34688123616258937
svc_rbf,none,fig6_ephys_all_numeric,supplement,PSP,AD,0.3420837415485088,0.32187931907656614,0.33603693937492507
svc_rbf,none,fig7_C57BL/6,geo_scrnaseq,AD,AD,0.2831055027347761,0.3667263256380237,0.35016817162720004
svc_rbf,none,fig7_C57BL/6,geo_scrnaseq,DLB,DLB,0.37700947068789753,0.3314021666103465,0.29158836270175614
svc_rbf,none,fig7_C57BL/6,geo_scrnaseq,PSP,AD,0.3010520486659382,0.336048139615559,0.3628998117185025
svc_rbf,none,fig7_hTau,geo_scrnaseq,AD,DLB,0.20476598494884127,0.4746309445288675,0.3206030705222913
svc_rbf,none,fig7_hTau,geo_scrnaseq,DLB,DLB,0.2628886095038679,0.43369450231009526,0.303416888186037
svc_rbf,none,fig7_hTau,geo_scrnaseq,PSP,AD,0.4961358403914027,0.19266063544468112,0.3112035241639161
svc_rbf,3,fig1_all_numeric,supplement,AD,DLB,0.3766317489655677,0.4994252706019535,0.12394298043247856
svc_rbf,3,fig1_all_numeric,supplement,DLB,AD,0.4464084954197403,0.33178840597167636,0.22180309860858344
svc_rbf,3,fig1_all_numeric,supplement,PSP,PSP,0.26924278076842384,0.15278536902622875,0.5779718502053475
svc_rbf,3,fig1_area_distribution,supplement,AD,DLB,0.22826720680056284,0.6862235641094668,0.08550922908996994
svc_rbf,3,fig1_area_distribution,supplement,DLB,AD,0.6936974662510942,0.18952899449437044,0.11677353925453557
svc_rbf,3,fig1_area_distribution,supplement,PSP,PSP,0.34503175616273263,0.07790872750798733,0.5770595163292803
svc_rbf,3,fig1_diameter_distribution,supplement,AD,PSP,0.27972657499777087,0.2763857060998149,0.4438877189024143
svc_rbf,3,fig1_diameter_distribution,supplement,DLB,DLB,0.5701431804965506,0.26872108795582633,0.16113573154762292
svc_rbf,3,fig1_diameter_distribution,supplement,PSP,PSP,0.16696761590151615,0.13256406284560787,0.700468321252876
svc_rbf,3,fig1_height_distribution,supplement,AD,DLB,0.18928031375988816,0.7084437681836585,0.10227591805645328
svc_rbf,3,fig1_height_distribution,supplement,DLB,DLB,0.20504253483815005,0.6926544024862066,0.10230306267564332
svc_rbf,3,fig1_height_distribution,supplement,PSP,AD,0.47365803274722296,0.10911148297139088,0.417230484281386
svc_rbf,3,fig2_tht_spectra_all_numeric,supplement,AD,AD,0.3602783269494225,0.3288829905122683,0.31083868253830893
svc_rbf,3,fig2_tht_spectra_all_numeric,supplement,DLB,AD,0.3602783269494225,0.3288829905122683,0.31083868253830893
svc_rbf,3,fig2_tht_spectra_all_numeric,supplement,PSP,AD,0.3602783269494225,0.3288829905122683,0.31083868253830893
svc_rbf,3,fig3_proteolysis_all_numeric,supplement,AD,AD,0.3981767896939504,0.17344567104570344,0.4283775392603464
svc_rbf,3,fig3_proteolysis_all_numeric,supplement,DLB,AD,0.45028808025566636,0.30817503602266366,0.24153688372166995
svc_rbf,3,fig3_proteolysis_all_numeric,supplement,PSP,AD,0.4334372249246446,0.4214901183778552,0.1450726566975003
svc_rbf,3,fig4_antibody_all_numeric,supplement,AD,PSP,0.27377264955314573,0.14153569762978807,0.584691652817066
svc_rbf,3,fig4_antibody_all_numeric,supplement,DLB,DLB,0.39900465539113006,0.39749250194010316,0.2035028426687668
svc_rbf,3,fig4_antibody_all_numeric,supplement,PSP,AD,0.34103959069131146,0.4314796317704161,0.2274807775382725
svc_rbf,3,fig5_functional_all_numeric,supplement,AD,PSP,0.17711373880657155,0.09702493408454851,0.7258613271088799
svc_rbf,3,fig5_functional_all_numeric,supplement,DLB,DLB,0.5591448899462261,0.31251071010338505,0.12834439995038893
svc_rbf,3,fig5_functional_all_numeric,supplement,PSP,AD,0.39036261031305597,0.47956454318052855,0.13007284650641518
svc_rbf,3,fig6_ephys_all_numeric,supplement,AD,DLB,0.4026679513984524,0.43694482496227727,0.1603872236392702
svc_rbf,3,fig6_ephys_all_numeric,supplement,DLB,DLB,0.38878858526550686,0.44594372365917967,0.16526769107531367
svc_rbf,3,fig6_ephys_all_numeric,supplement,PSP,PSP,0.2872606970958471,0.16245156333845384,0.5502877395656991
svc_rbf,3,fig7_C57BL/6,geo_scrnaseq,AD,DLB,0.33225906728588694,0.32248875928559056,0.3452521734285224
svc_rbf,3,fig7_C57BL/6,geo_scrnaseq,DLB,DLB,0.3231402301379161,0.45369293394789023,0.22316683591419378
svc_rbf,3,fig7_C57BL/6,geo_scrnaseq,PSP,AD,0.37267056184427944,0.18351451678185965,0.44381492137386097
svc_rbf,3,fig7_hTau,geo_scrnaseq,AD,DLB,0.31121616409051894,0.4239900815113473,0.26479375439813363
svc_rbf,3,fig7_hTau,geo_scrnaseq,DLB,AD,0.43577172560364946,0.4084553923455692,0.15577288205078124
svc_rbf,3,fig7_hTau,geo_scrnaseq,PSP,AD,0.4681085298017108,0.3897671604070184,0.1421243097912705
svc_rbf,5,fig1_all_numeric,supplement,AD,DLB,0.42422253871930077,0.4310923003292598,0.14468516095143938
svc_rbf,5,fig1_all_numeric,supplement,DLB,AD,0.5469265943864401,0.23698165527208098,0.21609175034147907
svc_rbf,5,fig1_all_numeric,supplement,PSP,PSP,0.21106736153600986,0.12206603698781522,0.6668666014761752
svc_rbf,5,fig1_area_distribution,supplement,AD,DLB,0.2058226968413913,0.6800873062730581,0.11408999688555067
svc_rbf,5,fig1_area_distribution,supplement,DLB,AD,0.6244303808773626,0.2187216996840751,0.15684791943856227
svc_rbf,5,fig1_area_distribution,supplement,PSP,PSP,0.2818329638326143,0.07837881784950373,0.6397882183178819
svc_rbf,5,fig1_diameter_distribution,supplement,AD,AD,0.3656996001652797,0.3356679575300519,0.29863244230466834
svc_rbf,5,fig1_diameter_distribution,supplement,DLB,AD,0.4403774494321654,0.3513878008254604,0.20823474974237405
svc_rbf,5,fig1_diameter_distribution,supplement,PSP,PSP,0.32530598531306293,0.20617220526963123,0.4685218094173059
svc_rbf,5,fig1_height_distribution,supplement,AD,DLB,0.13432048794638057,0.7793805210481306,0.08629899100548884
svc_rbf,5,fig1_height_distribution,supplement,DLB,DLB,0.19159120096358057,0.7214948939724439,0.08691390506397521
svc_rbf,5,fig1_height_distribution,supplement,PSP,PSP,0.4750955354408294,0.08362384960583386,0.44128061495333665
svc_rbf,5,fig2_tht_spectra_all_numeric,supplement,AD,AD,0.42285883605833563,0.4142085713620894,0.16293259257957515
svc_rbf,5,fig2_tht_spectra_all_numeric,supplement,DLB,DLB,0.36611738749012257,0.3706212364889786,0.2632613760208988
svc_rbf,5,fig2_tht_spectra_all_numeric,supplement,PSP,PSP,0.32293436730680536,0.25798979495245394,0.41907583774074053
svc_rbf,5,fig3_proteolysis_all_numeric,supplement,AD,AD,0.35777511002473766,0.24549307804645054,0.3967318119288119
svc_rbf,5,fig3_proteolysis_all_numeric,supplement,DLB,AD,0.3765352251592615,0.27272786527859477,0.35073690956214343
svc_rbf,5,fig3_proteolysis_all_numeric,supplement,PSP,AD,0.40401727269881693,0.44818111226474217,0.14780161503644113
svc_rbf,5,fig4_antibody_all_numeric,supplement,AD,AD,0.24253652794467925,0.3665014839529659,0.3909619881023548
svc_rbf,5,fig4_antibody_all_numeric,supplement,DLB,DLB,0.497821910897875,0.3199945703164725,0.18218351878565253
svc_rbf,5,fig4_antibody_all_numeric,supplement,PSP,PSP,0.22881432731102244,0.28153744713885576,0.48964822555012166
svc_rbf,5,fig5_functional_all_numeric,supplement,AD,PSP,0.14550739283860026,0.09927929349324606,0.7552133136681539
svc_rbf,5,fig5_functional_all_numeric,supplement,DLB,DLB,0.6263795067444472,0.2473550736271128,0.12626541962843998
svc_rbf,5,fig5_functional_all_numeric,supplement,PSP,DLB,0.44274279112452897,0.4152929522126551,0.14196425666281573
svc_rbf,5,fig6_ephys_all_numeric,supplement,AD,DLB,0.3787156255779377,0.42926405115237887,0.1920203232696834
svc_rbf,5,fig6_ephys_all_numeric,supplement,DLB,AD,0.3579195294825276,0.4427488933105289,0.1993315772069434
svc_rbf,5,fig6_ephys_all_numeric,supplement,PSP,PSP,0.30113628450774144,0.193989303694671,0.5048744117975876
svc_rbf,5,fig7_C57BL/6,geo_scrnaseq,AD,DLB,0.36895949664580424,0.36004722652128274,0.27099327683291274
svc_rbf,5,fig7_C57BL/6,geo_scrnaseq,DLB,DLB,0.4954032677688404,0.3340681929479277,0.17052853928323183
svc_rbf,5,fig7_C57BL/6,geo_scrnaseq,PSP,PSP,0.23606169006324165,0.20577618069873088,0.5581621292380273
svc_rbf,5,fig7_hTau,geo_scrnaseq,AD,DLB,0.27539866726239376,0.40093283054677625,0.32366850219083004
svc_rbf,5,fig7_hTau,geo_scrnaseq,DLB,AD,0.6686561834390269,0.2626081768977448,0.06873563966322846
svc_rbf,5,fig7_hTau,geo_scrnaseq,PSP,AD,0.6564016412571466,0.24495973175392224,0.09863862698893117
svc_rbf,8,fig1_all_numeric,supplement,AD,DLB,0.391510713076758,0.42796945676082854,0.18051983016241352
svc_rbf,8,fig1_all_numeric,supplement,DLB,AD,0.41170732756551315,0.27604421721939115,0.31224845521509575
svc_rbf,8,fig1_all_numeric,supplement,PSP,PSP,0.28489971959517957,0.19328269907783857,0.5218175813269819
svc_rbf,8,fig1_area_distribution,supplement,AD,DLB,0.21141775735621204,0.672554211341109,0.11602803130267868
svc_rbf,8,fig1_area_distribution,supplement,DLB,AD,0.634490059080677,0.2032377355334663,0.16227220538585682
svc_rbf,8,fig1_area_distribution,supplement,PSP,PSP,0.1825009538810914,0.07248332770471211,0.7450157184141966
svc_rbf,8,fig1_diameter_distribution,supplement,AD,AD,0.6414935427811418,0.11327082922042211,0.245235627998436
svc_rbf,8,fig1_diameter_distribution,supplement,DLB,DLB,0.4198737320392371,0.3441862254363517,0.2359400425244111
svc_rbf,8,fig1_diameter_distribution,supplement,PSP,AD,0.4638813005672838,0.1285702432895138,0.40754845614320223
svc_rbf,8,fig1_height_distribution,supplement,AD,DLB,0.1463695106112845,0.7418458348049384,0.11178465458377698
svc_rbf,8,fig1_height_distribution,supplement,DLB,DLB,0.18213548799005688,0.7457288999782888,0.07213561203165451
svc_rbf,8,fig1_height_distribution,supplement,PSP,AD,0.47362244749553617,0.09299575285992415,0.43338179964453966
svc_rbf,8,fig2_tht_spectra_all_numeric,supplement,AD,DLB,0.31517709810179195,0.461680318419735,0.2231425834784729
svc_rbf,8,fig2_tht_spectra_all_numeric,supplement,DLB,DLB,0.1404221382450334,0.7368904331012475,0.12268742865371882
svc_rbf,8,fig2_tht_spectra_all_numeric,supplement,PSP,AD,0.4587120728099232,0.12897174233462097,0.4123161848554557
svc_rbf,8,fig3_proteolysis_all_numeric,supplement,AD,AD,0.5174733387514262,0.06174120230976955,0.4207854589388041
svc_rbf,8,fig3_proteolysis_all_numeric,supplement,DLB,AD,0.4649268871155329,0.20637875873684322,0.32869435414762377
svc_rbf,8,fig3_proteolysis_all_numeric,supplement,PSP,DLB,0.27887691493668126,0.48480309400136995,0.2363199910619488
svc_rbf,8,fig4_antibody_all_numeric,supplement,AD,AD,0.4496561367806088,0.09561587111710554,0.45472799210228554
svc_rbf,8,fig4_antibody_all_numeric,supplement,DLB,DLB,0.23944485966709364,0.6643795845634977,0.09617555576940874
svc_rbf,8,fig4_antibody_all_numeric,supplement,PSP,PSP,0.33328990936512465,0.19893234042109723,0.46777775021377843
svc_rbf,8,fig5_functional_all_numeric,supplement,AD,PSP,0.27100477558847313,0.0649559904987437,0.6640392339127832
svc_rbf,8,fig5_functional_all_numeric,supplement,DLB,DLB,0.271733786999805,0.6158071208949729,0.11245909210522187
svc_rbf,8,fig5_functional_all_numeric,supplement,PSP,DLB,0.33699562670579947,0.5546631518607598,0.10834122143344069
svc_rbf,8,fig6_ephys_all_numeric,supplement,AD,AD,0.6446793090893594,0.10315262063595534,0.25216807027468535
svc_rbf,8,fig6_ephys_all_numeric,supplement,DLB,DLB,0.4247884858618552,0.3325088245369973,0.24270268960114744
svc_rbf,8,fig6_ephys_all_numeric,supplement,PSP,PSP,0.37959911764828086,0.1469998736516574,0.4734010087000616
svc_rbf,8,fig7_C57BL/6,geo_scrnaseq,AD,AD,0.46697149485823286,0.06850300002823687,0.46452550511353013
svc_rbf,8,fig7_C57BL/6,geo_scrnaseq,DLB,DLB,0.35102563976783574,0.47809287605823386,0.17088148417393034
svc_rbf,8,fig7_C57BL/6,geo_scrnaseq,PSP,PSP,0.409971737595719,0.12002642344360472,0.4700018389606764
svc_rbf,8,fig7_hTau,geo_scrnaseq,AD,DLB,0.1939117077611111,0.4540506548269255,0.3520376374119632
svc_rbf,8,fig7_hTau,geo_scrnaseq,DLB,DLB,0.3814382723928892,0.5386057650141319,0.07995596259297882
svc_rbf,8,fig7_hTau,geo_scrnaseq,PSP,AD,0.7471911642230367,0.13027715296786782,0.12253168280909535
rf,none,fig1_all_numeric,supplement,AD,DLB,0.405869118506193,0.4750408015187426,0.11909007997506457
rf,none,fig1_all_numeric,supplement,DLB,PSP,0.2715232112658584,0.25865701972606003,0.4698197690080817
rf,none,fig1_all_numeric,supplement,PSP,AD,0.4297181517484923,0.20170393274596066,0.3685779155055469
rf,none,fig1_area_distribution,supplement,AD,DLB,0.2174587881073175,0.5400534826284826,0.24248772926419987
rf,none,fig1_area_distribution,supplement,DLB,AD,0.5991277171744663,0.21958370894671211,0.18128857387882172
rf,none,fig1_area_distribution,supplement,PSP,PSP,0.22435245622110947,0.16882776524301296,0.6068197785358778
rf,none,fig1_diameter_distribution,supplement,AD,AD,0.44959137061283067,0.28083738288677723,0.26957124650039244
rf,none,fig1_diameter_distribution,supplement,DLB,DLB,0.3288388949237447,0.4962353853401201,0.17492571973613513
rf,none,fig1_diameter_distribution,supplement,PSP,PSP,0.231874054969798,0.12588407996372403,0.6422418650664782
rf,none,fig1_height_distribution,supplement,AD,DLB,0.3652022403551044,0.4395695313114819,0.19522822833341416
rf,none,fig1_height_distribution,supplement,DLB,DLB,0.2069174680496661,0.6471739911533254,0.14590854079700832
rf,none,fig1_height_distribution,supplement,PSP,PSP,0.28615527903469085,0.08465572221895755,0.6291889987463515
rf,none,fig2_tht_spectra_all_numeric,supplement,AD,PSP,0.28196682961375374,0.29329638614701886,0.4247367842392271
rf,none,fig2_tht_spectra_all_numeric,supplement,DLB,DLB,0.3417066659212373,0.3522343143952411,0.3060590196835217
rf,none,fig2_tht_spectra_all_numeric,supplement,PSP,AD,0.4954545169522153,0.23487883819789193,0.26966664484989306
rf,none,fig3_proteolysis_all_numeric,supplement,AD,PSP,0.18331812941100872,0.334436035223806,0.4822458353651852
rf,none,fig3_proteolysis_all_numeric,supplement,DLB,AD,0.5948675057484657,0.20701138743437503,0.19812110681715953
rf,none,fig3_proteolysis_all_numeric,supplement,PSP,DLB,0.33941621574160274,0.48755271799064365,0.17303106626775366
rf,none,fig4_antibody_all_numeric,supplement,AD,PSP,0.3777995957946423,0.22432534978781116,0.3978750544175468
rf,none,fig4_antibody_all_numeric,supplement,DLB,AD,0.3808922057216947,0.3439855997201974,0.2751221945581081
rf,none,fig4_antibody_all_numeric,supplement,PSP,PSP,0.26236000080930433,0.3610802069877147,0.37655979220298086
rf,none,fig5_functional_all_numeric,supplement,AD,PSP,0.18505281013276367,0.20295575843145505,0.6119914314357815
rf,none,fig5_functional_all_numeric,supplement,DLB,DLB,0.3687896206820357,0.417931428049075,0.2132789512688895
rf,none,fig5_functional_all_numeric,supplement,PSP,DLB,0.3682167249503162,0.46789459902842245,0.16388867602126136
rf,none,fig6_ephys_all_numeric,supplement,AD,DLB,0.4004255817883529,0.40307236348962344,0.1965020547220238
rf,none,fig6_ephys_all_numeric,supplement,DLB,AD,0.49913494019740134,0.27660839527689385,0.22425666452570492
rf,none,fig6_ephys_all_numeric,supplement,PSP,PSP,0.2284079568780034,0.289675615895972,0.48191642722602485
rf,none,fig7_C57BL/6,geo_scrnaseq,AD,AD,0.4936681191529487,0.29651895215207913,0.20981292869497215
rf,none,fig7_C57BL/6,geo_scrnaseq,DLB,DLB,0.22264432176870266,0.5081867877220819,0.2691688905092157
rf,none,fig7_C57BL/6,geo_scrnaseq,PSP,PSP,0.38186671654798615,0.21791855164958884,0.40021473180242545
rf,none,fig7_hTau,geo_scrnaseq,AD,PSP,0.12444865938155412,0.4123577451702064,0.4631935954482395
rf,none,fig7_hTau,geo_scrnaseq,DLB,AD,0.41413134829566717,0.3203375205118239,0.265531131192509
rf,none,fig7_hTau,geo_scrnaseq,PSP,AD,0.5195730879371746,0.27950943076531304,0.20091748129751225
rf,3,fig1_all_numeric,supplement,AD,DLB,0.3814066938909044,0.5997809669862303,0.018812339122865437
rf,3,fig1_all_numeric,supplement,DLB,AD,0.5395729473055326,0.2693210385331903,0.19110601416127745
rf,3,fig1_all_numeric,supplement,PSP,PSP,0.18819680947707285,0.019324482242903295,0.7924787082800241
rf,3,fig1_area_distribution,supplement,AD,DLB,0.4478946359196359,0.5250175990675989,0.027087765012765014
rf,3,fig1_area_distribution,supplement,DLB,AD,0.5654501554345206,0.3021649855562397,0.1323848590092399
rf,3,fig1_area_distribution,supplement,PSP,PSP,0.2983462446050684,0.07622805152363978,0.625425703871292
rf,3,fig1_diameter_distribution,supplement,AD,AD,0.37952834020984194,0.29033601214746746,0.3301356476426913
rf,3,fig1_diameter_distribution,supplement,DLB,DLB,0.32271883993199796,0.6651360312631984,0.012145128804803723
rf,3,fig1_diameter_distribution,supplement,PSP,PSP,0.21737591001190085,0.014773952174416571,0.7678501378136833
rf,3,fig1_height_distribution,supplement,AD,DLB,0.16246572286502625,0.5982599307039713,0.23927434643100273
rf,3,fig1_height_distribution,supplement,DLB,DLB,0.1574352379904239,0.799990561674308,0.04257420033526843
rf,3,fig1_height_distribution,supplement,PSP,AD,0.7070837455114545,0.00355100580534017,0.2893652486832053
rf,3,fig2_tht_spectra_all_numeric,supplement,AD,AD,0.34886789154258213,0.3229875871548473,0.32814452130257105
rf,3,fig2_tht_spectra_all_numeric,supplement,DLB,AD,0.34886789154258213,0.3229875871548473,0.32814452130257105
rf,3,fig2_tht_spectra_all_numeric,supplement,PSP,AD,0.34886789154258213,0.3229875871548473,0.32814452130257105
rf,3,fig3_proteolysis_all_numeric,supplement,AD,PSP,0.372466378066378,0.0761697691197691,0.551363852813853
rf,3,fig3_proteolysis_all_numeric,supplement,DLB,AD,0.45402792777398043,0.346107577656262,0.19986449456975777
rf,3,fig3_proteolysis_all_numeric,supplement,PSP,AD,0.5098058972817013,0.34003142265969055,0.15016268005860842
rf,3,fig4_antibody_all_numeric,supplement,AD,PSP,0.2381148554661713,0.07473121427076532,0.6871539302630632
rf,3,fig4_antibody_all_numeric,supplement,DLB,AD,0.6014617531161649,0.3525897435210129,0.04594850336282224
rf,3,fig4_antibody_all_numeric,supplement,PSP,DLB,0.3308024271308327,0.44347089195634115,0.22572668091282655
rf,3,fig5_functional_all_numeric,supplement,AD,PSP,0.019349494949494946,0.0011416666666666667,0.9795088383838381
rf,3,fig5_functional_all_numeric,supplement,DLB,DLB,0.2525932966235095,0.7387772662419324,0.008629437134558953
rf,3,fig5_functional_all_numeric,supplement,PSP,AD,0.5087760632033347,0.3496308397925644,0.14159309700410147
rf,3,fig6_ephys_all_numeric,supplement,AD,DLB,0.2797396773333309,0.5770241494659453,0.14323617320072432
rf,3,fig6_ephys_all_numeric,supplement,DLB,DLB,0.4725426045574652,0.5028399661913596,0.024617429251175375
rf,3,fig6_ephys_all_numeric,supplement,PSP,PSP,0.21708514093405734,0.02607297032173193,0.756841888744211
rf,3,fig7_C57BL/6,geo_scrnaseq,AD,PSP,0.33432296532157213,0.32350267226753304,0.3421743624108955
rf,3,fig7_C57BL/6,geo_scrnaseq,DLB,DLB,0.29562195124277174,0.639028988520939,0.0653490602362893
rf,3,fig7_C57BL/6,geo_scrnaseq,PSP,AD,0.5464495155171629,0.044991421487009686,0.4085590629958278
rf,3,fig7_hTau,geo_scrnaseq,AD,DLB,0.07511110556110556,0.59827451992452,0.3266143745143744
rf,3,fig7_hTau,geo_scrnaseq,DLB,AD,0.4536564308240779,0.3482886280386286,0.1980549411372942
rf,3,fig7_hTau,geo_scrnaseq,PSP,AD,0.7192041628306336,0.20154237037472345,0.07925346679464325
rf,5,fig1_all_numeric,supplement,AD,DLB,0.4162547547138104,0.5474943865130398,0.036250858773149784
rf,5,fig1_all_numeric,supplement,DLB,AD,0.5057388657438195,0.25925377371166847,0.23500736054451235
rf,5,fig1_all_numeric,supplement,PSP,PSP,0.15821974744381867,0.02983336519861287,0.8119468873575688
rf,5,fig1_area_distribution,supplement,AD,DLB,0.20424314055397647,0.7717925737746945,0.023964285671329008
rf,5,fig1_area_distribution,supplement,DLB,AD,0.5863335701879818,0.22523918793624684,0.18842724187577142
rf,5,fig1_area_distribution,supplement,PSP,PSP,0.1175998914484209,0.048887302850228534,0.8335128057013507
rf,5,fig1_diameter_distribution,supplement,AD,AD,0.3884371149919915,0.331807972814939,0.27975491219307025
rf,5,fig1_diameter_distribution,supplement,DLB,AD,0.4950293742119595,0.484286632742902,0.02068399304513855
rf,5,fig1_diameter_distribution,supplement,PSP,PSP,0.13197207905613484,0.01836001955560779,0.8496679013882575
rf,5,fig1_height_distribution,supplement,AD,DLB,0.09653328007561761,0.6671717479604641,0.23629497196391816
rf,5,fig1_height_distribution,supplement,DLB,DLB,0.14227915870679042,0.7693035819761221,0.08841725931708773
rf,5,fig1_height_distribution,supplement,PSP,PSP,0.4448934054507583,0.005922484704837646,0.5491841098444041
rf,5,fig2_tht_spectra_all_numeric,supplement,AD,AD,0.4283838060718092,0.34192432001263273,0.22969187391555823
rf,5,fig2_tht_spectra_all_numeric,supplement,DLB,AD,0.3651721899101931,0.35479882883714153,0.2800289812526658
rf,5,fig2_tht_spectra_all_numeric,supplement,PSP,PSP,0.2954998458198149,0.25673165778150314,0.4477684963986823
rf,5,fig3_proteolysis_all_numeric,supplement,AD,PSP,0.35428837420749176,0.2562223324061559,0.3894892933863524
rf,5,fig3_proteolysis_all_numeric,supplement,DLB,AD,0.5381395338493637,0.1664469155285719,0.29541355062206454
rf,5,fig3_proteolysis_all_numeric,supplement,PSP,AD,0.4385540871065639,0.42309501425646906,0.13835089863696687
rf,5,fig4_antibody_all_numeric,supplement,AD,AD,0.4421464146964147,0.16130049525637757,0.39655309004720785
rf,5,fig4_antibody_all_numeric,supplement,DLB,AD,0.4823152200654523,0.40661853384833246,0.11106624608621515
rf,5,fig4_antibody_all_numeric,supplement,PSP,PSP,0.2873508590996209,0.2842199185747172,0.42842922232566183
rf,5,fig5_functional_all_numeric,supplement,AD,PSP,0.0588657065157065,0.05296617826617826,0.8881681152181153
rf,5,fig5_functional_all_numeric,supplement,DLB,DLB,0.32557776745957856,0.6354181460352509,0.039004086505170066
rf,5,fig5_functional_all_numeric,supplement,PSP,DLB,0.4152165146600904,0.4288143589726408,0.15596912636726903
rf,5,fig6_ephys_all_numeric,supplement,AD,DLB,0.3744274928459913,0.4788264923500993,0.14674601480390956
rf,5,fig6_ephys_all_numeric,supplement,DLB,AD,0.510928355279052,0.4467287248699011,0.042342919851046754
rf,5,fig6_ephys_all_numeric,supplement,PSP,PSP,0.2235401484308606,0.06703229502695447,0.709427556542185
rf,5,fig7_C57BL/6,geo_scrnaseq,AD,DLB,0.2828443023944844,0.39128166704969086,0.32587403055582514
rf,5,fig7_C57BL/6,geo_scrnaseq,DLB,DLB,0.3227373588478348,0.645167111180723,0.03209552997144191
rf,5,fig7_C57BL/6,geo_scrnaseq,PSP,PSP,0.25608423730477514,0.06415816537936268,0.6797575973158623
rf,5,fig7_hTau,geo_scrnaseq,AD,DLB,0.060547374847374845,0.5776703296703297,0.3617822954822955
rf,5,fig7_hTau,geo_scrnaseq,DLB,AD,0.6631563538027162,0.22439691561448546,0.11244673058279883
rf,5,fig7_hTau,geo_scrnaseq,PSP,AD,0.5426250081875464,0.3246736478691589,0.13270134394329447
rf,8,fig1_all_numeric,supplement,AD,DLB,0.27424927430670476,0.6604298418471798,0.065320883846116
rf,8,fig1_all_numeric,supplement,DLB,AD,0.44531567244245274,0.18935749582374978,0.3653268317337976
rf,8,fig1_all_numeric,supplement,PSP,PSP,0.29091219385189987,0.0782158485305544,0.6308719576175462
rf,8,fig1_area_distribution,supplement,AD,DLB,0.2313322749146279,0.6967194628900508,0.07194826219532104
rf,8,fig1_area_distribution,supplement,DLB,AD,0.642896003996004,0.1708851207615913,0.18621887524240469
rf,8,fig1_area_distribution,supplement,PSP,PSP,0.11991032202231902,0.06461806865305315,0.815471609324628
rf,8,fig1_diameter_distribution,supplement,AD,AD,0.5974263486513486,0.21446551357139604,0.18810813777725552
rf,8,fig1_diameter_distribution,supplement,DLB,DLB,0.3074359144123852,0.6428447809706637,0.049719304616951676
rf,8,fig1_diameter_distribution,supplement,PSP,PSP,0.16915448016036264,0.026133296605355426,0.804712223234282
rf,8,fig1_height_distribution,supplement,AD,DLB,0.2636368966569096,0.480008728541317,0.2563543748017734
rf,8,fig1_height_distribution,supplement,DLB,DLB,0.17044074672840664,0.7686937054924708,0.06086554777912292
rf,8,fig1_height_distribution,supplement,PSP,PSP,0.31225861213949463,0.01008460085665968,0.6776567870038458
rf,8,fig2_tht_spectra_all_numeric,supplement,AD,DLB,0.25214226699513087,0.423830598627379,0.3240271343774902
rf,8,fig2_tht_spectra_all_numeric,supplement,DLB,DLB,0.19872428056979152,0.4707174276480316,0.33055829178217716
rf,8,fig2_tht_spectra_all_numeric,supplement,PSP,PSP,0.40326641135782004,0.15401700088696996,0.4427165877552099
rf,8,fig3_proteolysis_all_numeric,supplement,AD,AD,0.40096451051528453,0.22187431921363807,0.3771611702710773
rf,8,fig3_proteolysis_all_numeric,supplement,DLB,AD,0.4613048955946016,0.22648026042584868,0.31221484397954957
rf,8,fig3_proteolysis_all_numeric,supplement,PSP,DLB,0.3537102418737095,0.5046390656127502,0.141650692513541
rf,8,fig4_antibody_all_numeric,supplement,AD,AD,0.4280483265788221,0.19095041423145148,0.3810012591897267
rf,8,fig4_antibody_all_numeric,supplement,DLB,DLB,0.35125782994954824,0.47344125362081996,0.1753009164296319
rf,8,fig4_antibody_all_numeric,supplement,PSP,PSP,0.3116118336342024,0.26109533882010666,0.4272928275456915
rf,8,fig5_functional_all_numeric,supplement,AD,PSP,0.1499659614293516,0.060539720040881,0.7894943185297676
rf,8,fig5_functional_all_numeric,supplement,DLB,DLB,0.31396329531321804,0.5797399532957582,0.1062967513910239
rf,8,fig5_functional_all_numeric,supplement,PSP,DLB,0.28093708209575086,0.5098409304747537,0.20922198742949538
rf,8,fig6_ephys_all_numeric,supplement,AD,AD,0.543798479169609,0.30559051138060433,0.15061100944978653
rf,8,fig6_ephys_all_numeric,supplement,DLB,DLB,0.40606717126183106,0.4226650169404037,0.17126781179776543
rf,8,fig6_ephys_all_numeric,supplement,PSP,PSP,0.1613455195131666,0.1876001256913021,0.6510543547955312
rf,8,fig7_C57BL/6,geo_scrnaseq,AD,AD,0.40870794024741075,0.25987094195046806,0.33142111780212125
rf,8,fig7_C57BL/6,geo_scrnaseq,DLB,DLB,0.32516497890878365,0.585942384250858,0.08889263684035867
rf,8,fig7_C57BL/6,geo_scrnaseq,PSP,PSP,0.2716158322779808,0.09822912971213893,0.6301550380098803
rf,8,fig7_hTau,geo_scrnaseq,AD,DLB,0.04035755510399472,0.5718678058010099,0.38777463909499527
rf,8,fig7_hTau,geo_scrnaseq,DLB,AD,0.47275400621050784,0.3973988662438351,0.12984712754565703
rf,8,fig7_hTau,geo_scrnaseq,PSP,AD,0.44925773213714404,0.37691324116200287,0.17382902670085332
dummy,none,fig1_all_numeric,supplement,AD,AD,0.3333333333333333,0.3333333333333333,0.3333333333333333
dummy,none,fig1_all_numeric,supplement,DLB,AD,0.3333333333333333,0.3333333333333333,0.3333333333333333
dummy,none,fig1_all_numeric,supplement,PSP,AD,0.3333333333333333,0.3333333333333333,0.3333333333333333
dummy,none,fig1_area_distribution,supplement,AD,AD,0.3333333333333333,0.3333333333333333,0.3333333333333333
dummy,none,fig1_area_distribution,supplement,DLB,AD,0.3333333333333333,0.3333333333333333,0.3333333333333333
dummy,none,fig1_area_distribution,supplement,PSP,AD,0.3333333333333333,0.3333333333333333,0.3333333333333333
dummy,none,fig1_diameter_distribution,supplement,AD,AD,0.3333333333333333,0.3333333333333333,0.3333333333333333
dummy,none,fig1_diameter_distribution,supplement,DLB,AD,0.3333333333333333,0.3333333333333333,0.3333333333333333
dummy,none,fig1_diameter_distribution,supplement,PSP,AD,0.3333333333333333,0.3333333333333333,0.3333333333333333
dummy,none,fig1_height_distribution,supplement,AD,AD,0.3333333333333333,0.3333333333333333,0.3333333333333333
dummy,none,fig1_height_distribution,supplement,DLB,AD,0.3333333333333333,0.3333333333333333,0.3333333333333333
dummy,none,fig1_height_distribution,supplement,PSP,AD,0.3333333333333333,0.3333333333333333,0.3333333333333333
dummy,none,fig2_tht_spectra_all_numeric,supplement,AD,AD,0.3333333333333333,0.3333333333333333,0.3333333333333333
dummy,none,fig2_tht_spectra_all_numeric,supplement,DLB,AD,0.3333333333333333,0.3333333333333333,0.3333333333333333
dummy,none,fig2_tht_spectra_all_numeric,supplement,PSP,AD,0.3333333333333333,0.3333333333333333,0.3333333333333333
dummy,none,fig3_proteolysis_all_numeric,supplement,AD,AD,0.3333333333333333,0.3333333333333333,0.3333333333333333
dummy,none,fig3_proteolysis_all_numeric,supplement,DLB,AD,0.3333333333333333,0.3333333333333333,0.3333333333333333
dummy,none,fig3_proteolysis_all_numeric,supplement,PSP,AD,0.3333333333333333,0.3333333333333333,0.3333333333333333
dummy,none,fig4_antibody_all_numeric,supplement,AD,AD,0.3333333333333333,0.3333333333333333,0.3333333333333333
dummy,none,fig4_antibody_all_numeric,supplement,DLB,AD,0.3333333333333333,0.3333333333333333,0.3333333333333333
dummy,none,fig4_antibody_all_numeric,supplement,PSP,AD,0.3333333333333333,0.3333333333333333,0.3333333333333333
dummy,none,fig5_functional_all_numeric,supplement,AD,AD,0.3333333333333333,0.3333333333333333,0.3333333333333333
dummy,none,fig5_functional_all_numeric,supplement,DLB,AD,0.3333333333333333,0.3333333333333333,0.3333333333333333
dummy,none,fig5_functional_all_numeric,supplement,PSP,AD,0.3333333333333333,0.3333333333333333,0.3333333333333333
dummy,none,fig6_ephys_all_numeric,supplement,AD,AD,0.3333333333333333,0.3333333333333333,0.3333333333333333
dummy,none,fig6_ephys_all_numeric,supplement,DLB,AD,0.3333333333333333,0.3333333333333333,0.3333333333333333
dummy,none,fig6_ephys_all_numeric,supplement,PSP,AD,0.3333333333333333,0.3333333333333333,0.3333333333333333
dummy,none,fig7_C57BL/6,geo_scrnaseq,AD,AD,0.3333333333333333,0.3333333333333333,0.3333333333333333
dummy,none,fig7_C57BL/6,geo_scrnaseq,DLB,AD,0.3333333333333333,0.3333333333333333,0.3333333333333333
dummy,none,fig7_C57BL/6,geo_scrnaseq,PSP,AD,0.3333333333333333,0.3333333333333333,0.3333333333333333
dummy,none,fig7_hTau,geo_scrnaseq,AD,AD,0.3333333333333333,0.3333333333333333,0.3333333333333333
dummy,none,fig7_hTau,geo_scrnaseq,DLB,AD,0.3333333333333333,0.3333333333333333,0.3333333333333333
dummy,none,fig7_hTau,geo_scrnaseq,PSP,AD,0.3333333333333333,0.3333333333333333,0.3333333333333333
